call_id,group,duration_file_s,snr_db,clipping_pct,level_dbfs,speech_ratio,censored_s,n_censor_segments,asr_confidence,asr_low_conf_pct,n_speakers_detected,flags,contact_type,identity_validated,product,debt_amount,overdue_amount,non_payment_reasons,final_outcome,final_outcome_rank,ptp,ptp_type_commitment,ptp_amount,ptp_date,ptp_type,ptp_confirmed_by_client,agent_recapped,callback_scheduled,ptp_strength,had_negotiation,n_offers_agent,n_counteroffers_client,first_anchor,n_objections,n_objections_resolved,n_objections_partial,pct_objections_resolved,conv_duration_s,agent_speech_s,client_speech_s,agent_talk_share,silence_pct,n_turns,turns_per_min,mean_turn_s_agent,mean_turn_s_client,max_agent_monologue_s,n_monologues_30s,agent_latency_median_s,agent_latency_p90_s,client_latency_median_s,agent_spoke_first,time_to_first_agent_voice_s,dead_air_count,dead_air_s,interruptions_per_min_agent,interruptions_per_min_client,overlap_s,yield_time_s,backchannels_agent_per_min,words_per_min_agent,words_per_min_client,time_to_identification_s,time_to_debt_mention_s,time_to_first_offer_s,time_to_ptp_s,closing_by,last_turn_role,repeat_requests,repeat_requests_agent,repeat_requests_client,mechanical_repetition,agent_misunderstood,client_expresses_annoyance,greets,identifies_self,recording_notice,validates_identity_before_disclosing,states_amount,states_due_date,offers_payment_channels,mentions_credit_bureaus,recaps_agreement,polite_closing,script_checklist_score,debt_disclosed_to_third_party,clarity,empathy,active_listening,objection_handling,control_focus,professionalism,agent_pitch_range_st,client_pitch_range_st,agent_intensity_std_db,client_escalation,sentiment_start,sentiment_end,sentiment_delta,sentiment_min,agent_questions,politeness_markers,lexical_richness_mattr,fillers_per_min,agent_discourse_similarity,blindness_guess
C001,ai,100.36,16.78,0.0065,-15.67,0.4986,7.06,8,0.9775,2.05,2,agent_spoke_first;diar_corrected,voicemail,na,unknown,,,not_stated,no_contact,0,False,na,,,,na,na,False,,False,0,0,none,0,0,0,,94.686,23.355,0.0,1.0,49.596,5,3.1684,13.912,,55.502,1,,,,True,,5,37.46,0.0,0.0,1.681,,1.901,215.8,,,,,,agent,AGENT,0,0,0,False,0,False,true,false,na,na,na,na,na,na,na,na,,na,,,,,,3,8.571,,5.355,,,,,,2,1,0.712,0.0,0.3399,ai
C002,ai,403.36,16.48,0.0004,-19.34,0.8093,21.82,23,0.9428,2.69,2,hallucination_removed,account_holder,true,unknown,780000.0,,not_stated,no_agreement,3,False,na,,,,na,na,False,,True,2,1,agent,2,0,2,0.0,397.558,237.457,64.856,0.7855,24.621,34,5.1313,17.404,4.562,56.869,3,1.423,3.816,1.896,False,1.08,8,33.189,0.3018,0.7546,19.084,0.962,0.6037,218.31,93.44,9.411,11.633,172.885,,cut_unclear,AGENT,0,0,0,True,3,True,true,true,false,true,true,false,false,false,na,false,44.44,na,2,3,2,2,2,3,8.35,8.703,4.791,0.9701,0.3943,-0.2133,-0.6076,-0.4919,18,2,0.8082,0.0,0.701,ai
C003,human,166.74,12.87,0.0008,-16.64,0.7677,12.99,16,0.8989,5.43,3,three_speakers,account_holder,true,unknown,,1270000.0,illness_calamity,firm_promise,7,True,firm,1268100.0,30 de agosto,full,true,true,False,3,True,2,1,client,2,2,0,100.0,147.479,75.822,38.489,0.6633,17.947,21,8.5436,10.302,4.621,15.964,0,0.523,0.891,0.81,False,0.608,0,0.0,0.0,1.2205,5.822,2.136,0.8137,185.17,123.15,1.544,1.544,44.913,95.656,agent,CLIENT,0,0,0,False,0,False,true,false,false,true,true,true,false,false,true,false,50.0,na,4,4,4,4,4,4,8.265,10.025,7.416,0.342,-0.431,0.2674,0.6984,-0.7651,1,0,0.7025,1.564,0.7306,human
C004,human,309.52,14.83,0.0,-19.27,0.8273,16.46,18,0.917,3.33,3,agent_spoke_first;hallucination_removed;three_speakers,account_holder,false,unknown,,400000.0,other,firm_promise,7,True,firm,133300.0,5 de agosto,full,true,true,False,3,True,2,2,client,3,3,0,100.0,293.118,189.255,46.038,0.8043,17.138,32,6.5503,13.515,4.082,25.853,0,0.043,0.79,1.232,True,,1,3.358,0.2047,0.6141,3.68,0.608,1.2282,190.85,153.79,,0.0,33.21,109.721,agent,CLIENT,0,0,0,False,0,False,true,false,false,false,true,true,true,false,true,true,60.0,na,3,4,4,5,4,4,6.492,5.65,6.122,-0.4242,0.0216,0.5427,0.5211,-0.2057,7,1,0.7616,3.448,0.7384,human
C005,human,105.46,11.56,0.0,-20.11,0.7354,3.55,5,0.8435,9.76,2,agent_spoke_first;diar_corrected;hallucination_removed,third_party,false,unknown,,,not_stated,third_party,1,False,na,,,,na,na,False,,False,0,0,none,0,0,0,,94.067,48.173,0.0,1.0,23.731,15,9.5676,7.385,,14.952,0,,,,True,,0,0.0,0.0,0.0,5.109,,0.6378,125.8,,,17.319,,,cut_unclear,AGENT,0,0,0,True,0,True,true,true,na,na,na,na,na,na,na,na,,true,2,2,2,,2,3,5.737,,7.35,,,,,,5,2,0.7365,0.0,0.5517,unsure
C006,ai,66.6,36.52,0.0004,-17.22,0.52,13.04,14,0.8894,9.64,2,,wrong_number,false,unknown,,,not_stated,no_contact,0,False,na,,,,na,na,False,,False,0,0,none,0,0,0,,64.443,17.861,0.0,1.0,51.164,8,7.4484,9.311,,14.209,0,,,,False,,3,11.685,0.0,0.0,0.27,,1.8621,208.28,,,,,,cut_unclear,AGENT,0,0,0,False,0,False,true,false,na,na,na,na,na,na,na,na,,false,4,3,3,,3,4,6.449,,6.157,,,,,,2,2,0.7967,3.359,0.6155,ai
C007,ai,166.04,18.61,0.0002,-17.75,0.696,12.97,15,0.958,1.35,2,agent_spoke_first,account_holder,true,unknown,1760000.0,,other,no_agreement,3,False,na,,,,na,na,False,,True,1,0,agent,2,0,1,0.0,158.204,72.588,20.646,0.7786,37.382,13,4.9303,16.478,4.211,84.763,1,2.438,3.723,1.396,True,,4,16.603,0.0,0.3793,1.315,0.962,0.0,220.7,84.28,7.847,8.404,8.404,,cut_unclear,AGENT,0,0,0,False,0,False,true,true,false,true,true,false,false,false,na,false,44.44,na,2,3,2,2,2,3,8.623,7.691,6.208,-0.0401,0.1812,-0.582,-0.7632,-0.748,9,2,0.8016,0.0,0.6916,ai
C008,human,208.44,8.43,0.0002,-21.02,0.7244,24.07,26,0.9056,3.79,3,hallucination_removed;low_snr;three_speakers,account_holder,false,unknown,,110000.0,payment_channel_problem,firm_promise,7,True,firm,110000.0,el día de mañana 4 de agosto,full,true,true,False,3,True,1,0,agent,2,2,0,100.0,192.881,92.127,35.489,0.7219,25.657,21,6.5325,12.028,4.887,37.479,1,1.194,2.532,1.18,False,5.23,1,5.079,0.3111,0.3111,2.116,5.286,1.2443,188.87,179.21,,11.205,99.154,109.924,agent,CLIENT,1,0,1,False,0,False,false,true,false,false,true,true,true,false,true,true,60.0,na,5,3,3,4,5,4,7.84,7.933,6.638,-0.8121,0.2193,0.115,-0.1043,-0.7515,3,1,0.6759,0.0,0.7784,human
C009,human,81.64,8.56,0.0,-21.24,0.7406,6.78,8,0.8986,5.65,3,agent_spoke_first;low_snr;three_speakers,account_holder,false,telecom_services,,1830000.0,disputes_charge,holder_refuses,2,False,na,,,,na,na,False,,False,0,0,none,1,0,0,0.0,67.988,21.366,28.56,0.428,18.623,2,1.765,36.264,31.842,36.264,1,,,,True,,0,0.0,0.0,0.0,1.941,,3.53,213.42,210.08,,0.0,,,cut_unclear,CLIENT,0,0,0,False,0,False,true,true,false,false,true,false,false,true,na,false,44.44,na,3,3,3,2,3,4,10.254,7.299,6.177,,-0.8683,-0.8683,0.0,-0.8683,2,0,0.86,0.0,0.5999,unsure
C010,human,201.9,6.3,0.0,-22.61,0.7414,8.08,12,0.8999,5.18,3,agent_spoke_first;low_snr;three_speakers,account_holder,false,unknown,,,illness_calamity;other,no_agreement,3,False,na,,,,na,na,False,,True,1,0,agent,1,0,0,0.0,178.827,62.494,75.578,0.4526,21.134,12,4.0262,11.568,17.57,25.18,0,1.485,2.049,1.603,True,,0,0.0,0.0,0.671,3.411,2.009,1.6776,219.86,185.77,,0.0,61.951,,agent,CLIENT,0,0,0,False,0,False,true,false,false,false,true,true,false,true,na,true,55.56,na,4,3,3,3,3,5,6.218,5.546,5.652,0.1683,-0.8358,-0.5649,0.2709,-0.9685,0,1,0.7977,6.69,0.7387,human
C011,ai,461.22,9.73,0.0006,-17.05,0.6017,35.42,45,0.9492,1.49,3,agent_spoke_first;diar_corrected;low_snr;three_speakers,account_holder,true,unknown,380000.0,,not_stated,firm_promise,7,True,firm,190000.0,antes del 1 de agosto de 2026,full,false,true,False,2,True,3,0,agent,0,0,0,,456.721,163.601,69.31,0.7024,45.261,39,5.1235,11.861,6.922,50.456,1,2.481,3.64,1.668,True,,17,81.1,0.0,0.0,2.293,,1.051,198.04,172.27,13.083,28.333,65.593,202.078,agent,AGENT,0,0,0,True,1,False,true,true,true,true,true,true,false,false,true,true,80.0,na,4,3,2,,4,3,8.663,9.209,5.762,0.1305,0.1672,0.0251,-0.1421,-0.9168,15,2,0.7518,0.0,0.739,ai
C012,ai,239.38,11.66,0.0005,-18.46,0.4229,49.84,43,0.9049,5.0,2,agent_spoke_first;censor_heavy,account_holder,false,unknown,810000.0,,not_stated,firm_promise,7,True,firm,810000.0,a más tardar el 21 de julio,full,false,true,False,2,True,2,0,agent,0,0,0,,239.064,74.142,13.651,0.8445,60.818,9,2.2588,44.134,2.885,155.486,2,4.619,7.972,,True,,15,69.859,0.0,0.0,13.651,,0.0,161.85,0.0,,9.674,26.293,188.529,cut_unclear,AGENT,0,0,0,False,0,False,true,true,false,false,true,true,false,false,true,false,50.0,na,3,3,3,,4,3,9.707,,5.639,,,,,,3,1,0.7121,0.0,0.7245,ai
C013,human,395.24,11.57,0.0,-18.81,0.8482,36.98,44,0.891,5.9,3,agent_spoke_first;diar_corrected;hallucination_removed;three_speakers,account_holder,false,unknown,913000.0,,illness_calamity;other,callback_scheduled,4,False,na,,,,na,na,True,,True,1,0,agent,2,0,2,0.0,375.176,180.455,114.52,0.6118,15.553,33,5.2775,13.596,10.061,33.84,1,0.396,1.83,0.709,True,,1,3.107,0.1599,0.4798,12.721,1.755,0.9595,184.2,215.86,,21.741,21.741,,agent,CLIENT,0,0,0,False,0,True,false,true,false,false,true,false,false,true,na,true,44.44,na,2,3,3,3,3,4,6.013,9.736,5.833,-0.8372,-0.6217,0.3586,0.9803,-0.9319,4,0,0.7705,7.604,0.6919,human
C014,human,143.74,8.04,0.0,-22.01,0.7333,12.72,10,0.9065,4.39,3,agent_spoke_first;low_snr;three_speakers,account_holder,true,unknown,672584.0,,not_stated,firm_promise,7,True,firm,672584.0,viernes 21 de agosto,full,false,true,True,2,True,3,0,agent,1,1,0,100.0,126.528,82.438,10.892,0.8833,20.355,13,6.1646,14.914,3.518,32.874,2,0.903,1.743,0.303,True,,0,0.0,0.0,1.8968,2.688,0.852,0.4742,213.98,137.72,29.293,35.712,47.535,77.758,cut_unclear,AGENT,0,0,0,False,0,False,true,true,false,true,true,false,false,false,true,false,50.0,na,4,3,4,4,5,5,7.159,7.213,5.643,,-0.2304,-0.0951,0.1353,-0.4994,2,1,0.7682,1.456,0.7577,human
C015,human,118.26,10.19,0.0,-20.64,0.7703,3.35,5,0.9349,3.95,3,three_speakers,account_holder,false,unknown,,,not_stated,firm_promise,7,True,firm,102000.0,los 30 de cada mes,full,true,true,False,3,True,1,0,agent,0,0,0,,104.364,75.981,8.906,0.8951,17.051,8,4.5993,22.485,4.673,37.912,1,1.147,1.398,0.413,False,-0.044,0,0.0,0.0,0.5749,1.097,7.661,0.0,188.73,94.32,,0.302,0.302,77.499,agent,AGENT,0,0,0,False,0,False,true,false,false,false,true,true,false,false,true,true,50.0,na,4,3,4,,5,4,5.731,5.92,5.94,,-0.0147,-0.0147,0.0,-0.0438,3,6,0.7553,0.79,0.7435,human
C016,human,176.56,11.66,0.0001,-20.33,0.8525,12.89,13,0.9187,3.94,2,agent_spoke_first,account_holder,true,unknown,,,already_paid,claims_already_paid,5,False,na,,,,na,na,False,,False,0,0,none,1,1,0,100.0,163.494,44.6,92.24,0.3259,13.905,19,6.9727,5.878,12.417,13.416,0,0.794,0.908,0.464,True,,0,0.0,1.101,0.734,5.679,1.712,0.734,173.54,196.44,3.671,15.027,,,agent,AGENT,0,0,0,False,0,False,false,true,false,true,false,false,false,true,na,true,44.44,na,4,4,4,5,4,5,9.798,7.687,6.736,-0.5622,0.329,0.5077,0.1787,-0.5396,2,0,0.7945,0.0,0.7027,human
C017,human,129.88,7.13,0.0,-21.63,0.684,6.3,9,0.8889,6.83,3,low_snr;three_speakers,account_holder,false,unknown,,,other,vague_promise,6,True,vague,,"mañana, si no la otra semana",,false,true,False,1,True,1,1,client,1,0,1,0.0,111.305,45.879,30.413,0.6014,25.428,10,5.3906,10.891,11.454,25.684,0,0.0,1.17,1.662,False,-37.225,1,3.324,0.0,0.5391,2.661,3.172,2.6953,176.55,213.07,,9.28,51.095,51.095,agent,AGENT,1,1,0,False,0,False,false,false,false,false,true,false,false,false,true,true,30.0,na,3,3,3,3,3,4,6.212,6.104,6.218,0.5955,-0.115,-0.0971,0.0179,-0.3282,6,0,0.7893,3.923,0.7412,human
C018,ai,185.06,19.0,0.0015,-16.67,0.6164,12.76,15,0.9373,4.67,2,,account_holder,true,unknown,,,not_stated,firm_promise,7,True,firm,4310000.0,4 de agosto de 2026,full,true,false,False,3,True,2,0,agent,1,1,0,100.0,182.048,73.655,27.872,0.7255,43.574,22,7.2508,10.576,3.89,40.399,1,2.14,4.777,1.527,False,2.126,6,30.338,0.3296,1.6479,6.005,0.825,0.9888,193.88,133.47,9.619,13.461,48.462,128.166,cut_unclear,AGENT,0,0,0,False,1,True,true,true,false,true,true,true,false,false,false,false,50.0,na,3,3,2,3,4,3,8.481,12.518,5.527,-0.4978,0.1215,0.1708,0.0493,-0.0343,10,3,0.7949,0.0,0.7663,ai
C019,human,123.4,17.61,0.0015,-18.92,0.7307,12.15,12,0.9209,4.87,2,diar_corrected,account_holder,false,unknown,,1272500.0,other,callback_scheduled,4,False,na,,,,na,na,True,,True,1,0,agent,1,1,0,100.0,111.873,41.203,39.665,0.5095,23.509,14,7.5085,7.525,8.538,12.724,0,1.201,1.607,1.005,False,0.321,0,0.0,0.0,1.0726,4.069,6.252,0.5363,182.03,152.78,,15.053,88.007,,agent,AGENT,0,0,0,False,0,False,true,true,false,false,true,true,false,false,na,true,55.56,na,3,3,4,4,3,4,8.393,5.734,7.232,-0.438,-0.0382,0.0219,0.0601,-0.8606,2,1,0.6834,0.0,0.7432,human
C020,human,76.0,10.29,0.0,-22.73,0.8206,5.68,8,0.8722,7.22,2,,account_holder,true,unknown,,300000.0,illness_calamity,firm_promise,7,True,firm,300000.0,15 de julio,full,true,true,False,3,True,0,1,client,1,1,0,100.0,69.542,27.788,28.495,0.4937,14.541,9,7.7651,7.535,7.652,12.74,0,0.0,0.531,0.456,False,0.759,0,0.0,0.0,0.8628,1.707,0.76,1.7256,215.92,168.45,0.0,6.75,34.088,34.088,agent,CLIENT,0,0,0,False,0,False,true,true,false,true,true,true,false,false,true,true,70.0,na,4,3,4,4,5,5,5.109,7.268,5.292,-0.6895,-0.2242,0.3037,0.5279,-0.9206,4,0,0.768,2.058,0.7295,human
C021,ai,141.92,12.95,0.0001,-19.8,0.7218,11.54,16,0.9554,1.61,2,agent_spoke_first,account_holder,true,unknown,5360000.0,,other,no_agreement,3,False,na,,,,na,na,False,,True,2,0,agent,1,0,0,0.0,136.907,77.451,10.192,0.8837,30.387,9,3.9443,21.793,5.287,72.241,1,1.451,2.677,1.62,True,,1,5.184,0.0,0.4383,0.371,3.712,0.0,218.46,164.84,9.687,9.687,9.687,,cut_unclear,AGENT,0,0,0,False,1,False,true,true,false,true,true,false,false,false,na,false,44.44,na,4,3,2,2,2,3,8.33,6.376,4.805,0.4182,-0.191,-0.191,0.0,-0.4558,6,1,0.8028,0.0,0.7529,ai
C022,ai,114.26,26.61,0.0007,-17.48,0.6836,16.58,20,0.941,2.2,3,agent_spoke_first;three_speakers,wrong_number,false,unknown,,,not_stated,no_contact,0,False,na,,,,na,na,False,,False,0,0,none,0,0,0,,107.106,30.92,0.0,1.0,34.094,9,5.0417,10.98,,21.537,0,,,,True,,3,11.739,0.0,0.0,0.641,,1.6806,250.32,,,4.59,,,agent,AGENT,0,0,0,False,0,False,true,true,na,na,na,na,na,na,na,na,,true,4,4,3,,4,4,8.125,,5.701,,,,,,3,2,0.8248,0.0,0.6511,ai
C023,human,116.42,10.02,0.0,-16.7,0.6081,16.59,12,0.8701,7.37,3,three_speakers,account_holder,false,unknown,,,other,vague_promise,6,True,vague,,el 20 del otro mes,,false,false,False,1,True,0,1,client,1,1,0,100.0,99.912,28.951,30.248,0.489,31.16,9,5.4048,10.373,11.667,22.29,0,0.633,1.445,0.978,False,0.878,1,3.408,0.0,1.8016,1.84,1.131,1.2011,176.16,261.84,,18.676,46.503,46.503,agent,CLIENT,0,0,0,False,0,False,true,false,false,false,false,false,false,false,false,true,20.0,na,2,3,3,3,2,4,14.343,10.356,6.892,-0.1424,-0.3285,-0.1935,0.135,-0.6717,0,0,0.6717,6.185,0.7248,human
C024,ai,68.58,16.68,0.0002,-19.28,0.4567,9.18,11,0.9317,3.61,2,,account_holder,true,unknown,,,not_stated,no_agreement,3,False,na,,,,na,na,False,,False,0,0,none,1,1,0,100.0,65.579,0.0,0.0,,45.861,1,0.9149,,,,0,,,,False,,3,14.491,0.0,0.0,0.0,,0.0,,,0.0,0.0,,,cut_unclear,UNKNOWN,0,0,0,False,0,False,true,true,false,true,false,false,false,false,na,false,33.33,na,3,3,3,4,2,4,,,,,,,,,0,0,,,,ai
C025,ai,156.08,14.67,0.0024,-17.34,0.5467,7.64,11,0.9569,2.07,2,diar_corrected,account_holder,false,unknown,14010000.0,,doesnt_recognize_debt_fraud,no_agreement,3,False,na,,,,na,na,False,,False,0,0,none,1,0,0,0.0,152.145,62.55,14.38,0.8131,48.912,8,3.1549,32.506,4.312,64.395,1,0.608,2.136,1.493,False,0.0,6,47.784,0.0,0.3944,3.105,1.856,0.3944,195.68,154.38,,2.582,,,cut_unclear,AGENT,0,0,0,False,0,False,true,true,false,false,true,true,false,false,na,false,44.44,na,3,3,3,2,2,3,8.596,5.597,5.79,,-0.3182,-0.3182,0.0,-0.8603,6,2,0.835,0.0,0.6568,ai
C026,ai,485.0,17.97,0.0,-20.62,0.7696,38.18,47,0.9389,2.81,2,diar_corrected;hallucination_removed,account_holder,true,unknown,4350000.0,,other,vague_promise,6,True,vague,400000.0,31 de julio de 2026,full,false,true,False,2,True,5,3,agent,3,1,2,33.33,482.827,183.306,130.762,0.5837,30.209,26,3.231,19.283,13.874,49.224,4,3.206,4.476,1.552,False,0.0,11,37.126,0.0,0.1243,3.746,1.231,0.9941,219.31,198.68,11.643,11.643,31.657,363.875,agent,AGENT,1,1,0,True,1,False,true,true,true,true,true,true,false,false,true,true,80.0,na,3,3,2,3,4,3,8.126,5.686,4.843,0.0413,0.2133,0.1003,-0.113,-0.7562,13,3,0.8178,0.0,0.738,ai
C027,human,160.76,7.14,0.0001,-20.67,0.6748,18.89,19,0.9021,2.96,3,agent_spoke_first;low_snr;three_speakers,account_holder,false,unknown,,,unemployment_income_loss,vague_promise,6,True,vague,60000.0,30 de agosto,full,true,true,False,3,True,1,1,agent,2,1,1,50.0,142.334,67.375,21.634,0.7569,28.141,16,6.7447,13.016,2.793,31.742,1,1.139,1.485,1.266,True,,1,4.615,0.0,0.0,0.303,,0.0,209.28,191.37,,21.104,75.07,98.29,agent,CLIENT,0,0,0,False,0,False,true,false,false,false,true,true,false,true,true,true,60.0,na,4,2,3,3,4,4,7.605,9.452,7.025,-0.0388,-0.1472,0.0614,0.2086,-0.9362,7,3,0.767,0.0,0.7475,human
C028,ai,94.36,7.54,0.0068,-15.26,0.7888,13.21,16,0.96,2.53,2,agent_spoke_first;low_snr,account_holder,true,unknown,10190000.0,,not_stated,no_agreement,3,False,na,,,,na,na,False,,True,2,0,agent,0,0,0,,90.214,58.676,0.0,1.0,24.604,4,2.6603,44.863,,73.491,1,,,,True,,0,0.0,0.0,0.0,3.762,,0.0,202.47,,0.0,0.0,0.0,,cut_unclear,UNKNOWN,0,0,0,False,0,False,true,true,false,true,true,false,false,false,na,false,44.44,na,4,3,3,,3,3,7.893,,5.968,,,,,,3,2,0.84,0.0,0.645,ai
C029,ai,454.06,20.61,0.0005,-18.61,0.8294,17.63,20,0.9502,2.29,2,diar_corrected,account_holder,true,unknown,2470000.0,,disputes_charge;other,callback_scheduled,4,False,na,,,,na,na,True,,True,2,2,agent,2,0,1,0.0,449.989,143.909,197.286,0.4218,22.387,29,3.8668,12.102,16.122,29.076,0,1.949,3.518,1.662,False,1.991,4,17.88,0.0,0.6667,5.627,1.046,0.5333,231.81,175.48,10.648,13.091,61.223,,agent,CLIENT,0,0,0,False,0,False,true,true,false,true,true,false,false,false,na,true,55.56,na,4,3,2,3,4,3,8.276,5.854,5.582,0.1726,0.1405,0.355,0.2145,-0.8834,5,1,0.7798,0.0,0.7678,ai
C030,ai,112.82,16.91,0.0038,-16.61,0.6197,18.05,23,0.8658,6.45,2,diar_corrected,account_holder,true,unknown,3460000.0,,not_stated,no_agreement,3,False,na,,,,na,na,False,,True,1,0,agent,1,0,1,0.0,106.33,43.843,13.557,0.7638,39.036,17,9.5928,6.638,4.208,14.681,0,1.172,2.749,1.368,False,1.104,2,8.078,0.0,0.5643,3.581,2.075,1.1286,190.22,70.81,10.294,16.757,36.771,,cut_unclear,CLIENT,1,1,0,False,0,False,true,true,false,true,true,false,false,false,na,false,44.44,na,2,2,2,2,2,3,8.973,12.721,5.845,,0.2147,0.2147,0.0,-0.2866,3,2,0.7854,0.0,0.7491,ai
C031,human,160.78,12.15,0.0002,-18.42,0.6804,16.84,15,0.8672,6.95,3,agent_spoke_first;three_speakers,account_holder,false,unknown,,,not_stated,firm_promise,7,True,firm,,al día de hoy,,false,true,False,1,True,0,0,none,1,1,0,100.0,144.045,68.786,23.99,0.7414,29.665,19,7.9142,10.645,2.946,16.588,0,0.641,1.117,2.012,True,,1,3.544,1.2496,0.0,3.306,,0.0,169.22,162.57,,11.88,,105.418,agent,AGENT,1,0,1,False,0,False,true,true,false,false,false,false,false,false,true,true,40.0,na,3,3,4,3,4,4,8.011,6.871,7.136,0.2689,-0.3102,-0.1623,0.1479,-0.9509,3,0,0.7327,0.852,0.7541,human
C032,ai,104.5,16.3,0.0006,-16.45,0.8438,6.0,7,0.9456,3.72,2,diar_corrected,wrong_number,false,credit_card,1620000.0,,not_stated,no_contact,0,False,na,,,,na,na,False,,False,0,0,none,0,0,0,,103.862,52.91,0.0,1.0,22.763,10,5.7769,12.061,,19.761,0,,,,False,,0,0.0,0.0,0.0,3.495,,2.3108,227.93,,,8.016,,,cut_unclear,AGENT,0,0,0,True,3,True,true,true,na,na,na,na,na,na,na,na,,true,2,2,1,,2,2,7.224,,5.761,,,,,,2,1,0.7188,0.0,0.6437,ai
C033,human,74.56,11.25,0.0,-21.09,0.7879,3.62,4,0.9315,3.47,3,three_speakers,account_holder,true,unknown,,281036.0,not_stated,no_agreement,3,False,na,,,,na,na,False,,True,0,0,none,1,1,0,100.0,63.365,47.768,9.115,0.8398,11.065,10,9.4689,10.397,4.539,21.718,0,1.367,1.731,1.86,False,-0.421,0,0.0,0.9469,0.9469,3.322,0.59,0.0,188.41,151.4,3.56,4.067,,,agent,AGENT,0,0,0,False,0,False,true,true,false,true,true,true,false,false,na,true,66.67,na,4,3,4,4,4,4,6.239,6.245,6.086,,-0.1364,-0.1364,0.0,-0.5892,2,1,0.8305,1.256,0.755,human
C034,ai,99.86,18.54,0.0051,-15.65,0.5127,4.6,4,0.9399,2.67,2,agent_spoke_first;diar_corrected;hallucination_removed,voicemail,na,unknown,,,not_stated,no_contact,0,False,na,,,,na,na,False,,False,0,0,none,0,0,0,,99.714,25.7,0.0,1.0,50.652,3,1.8052,22.568,,60.092,1,,,,True,,6,41.947,0.0,0.0,1.116,,1.2034,158.75,,,,,,agent,AGENT,0,0,0,False,0,False,true,false,na,na,na,na,na,na,na,na,,na,,,,,,3,7.569,,5.648,,,,,,3,1,0.7337,0.0,0.4488,ai
C035,ai,90.7,19.83,0.0001,-17.78,0.666,11.28,9,0.951,0.73,2,,third_party,false,unknown,,,not_stated,third_party,1,False,na,,,,na,na,False,,False,0,0,none,0,0,0,,87.615,25.264,0.0,1.0,37.216,12,8.2178,6.804,,13.618,0,,,,False,,3,11.72,0.0,0.0,1.519,,0.0,173.37,,,,,,agent,AGENT,0,0,0,True,1,True,true,false,na,na,na,na,na,na,na,na,,false,3,2,2,,3,3,7.653,,6.315,,,,,,1,3,0.7108,0.0,0.5596,ai
C036,ai,99.42,17.44,0.0059,-16.06,0.5595,4.95,5,0.9262,3.61,2,agent_spoke_first,voicemail,na,unknown,,,not_stated,no_contact,0,False,na,,,,na,na,False,,False,0,0,none,0,0,0,,99.225,17.499,0.0,1.0,47.454,5,3.0234,8.9,,16.116,0,,,,True,,6,40.18,0.0,0.0,1.316,,1.2094,68.58,,,,,,agent,AGENT,0,0,0,False,0,False,false,false,na,na,na,na,na,na,na,na,,na,,,,,,3,8.929,,5.924,,,,,,0,0,0.8,0.0,0.2989,ai
C037,ai,297.66,25.44,0.0008,-17.62,0.6921,26.27,26,0.9084,3.54,2,agent_spoke_first;diar_corrected,account_holder,false,unknown,14030000.0,,disputes_charge;other,holder_refuses,2,False,na,,,,na,na,False,,True,1,0,agent,2,0,1,0.0,293.866,86.225,91.501,0.4852,36.019,23,4.696,12.072,11.345,67.466,1,2.714,5.41,0.168,True,,6,32.719,0.2042,0.6125,5.351,0.692,1.0209,151.0,228.19,,1.974,172.412,,cut_unclear,AGENT,0,0,0,False,0,True,true,true,false,false,true,true,false,false,na,false,44.44,na,3,3,2,2,2,4,8.031,6.355,6.166,0.0454,-0.1145,-0.1452,-0.0307,-0.9066,4,2,0.8285,0.0,0.6573,ai
C038,human,643.48,9.44,0.0003,-19.38,0.9187,12.49,21,0.8688,7.53,3,agent_spoke_first;diar_corrected;hallucination_removed;low_snr;three_speakers,account_holder,false,credit_card,2487000.0,1696000.0,disputes_charge;illness_calamity,no_agreement,3,False,na,,,,na,na,False,,True,1,0,agent,3,0,1,0.0,624.826,369.861,178.49,0.6745,13.49,58,5.5696,14.713,7.5,48.452,2,0.869,1.652,0.518,True,,0,0.0,0.3841,0.6722,18.622,3.474,0.3841,157.19,138.83,,0.0,298.469,,agent,CLIENT,0,0,0,True,0,True,true,true,false,false,true,true,false,true,na,true,66.67,na,2,3,3,3,2,4,14.544,7.256,6.432,0.2808,-0.4168,-0.3586,0.0582,-0.9766,10,2,0.7816,0.809,0.7639,human
C039,human,243.4,14.8,0.001,-19.21,0.5543,17.13,19,0.8924,5.14,2,diar_corrected,account_holder,false,unknown,,136000.0,not_stated,no_agreement,3,False,na,,,,na,na,False,,True,0,0,none,0,0,0,,232.107,100.225,21.602,0.8227,44.688,16,4.136,23.184,3.971,70.301,2,1.063,3.637,1.811,False,0.0,8,47.956,0.2585,0.0,2.919,,0.0,163.43,52.77,,0.008,,,agent,AGENT,0,0,0,False,0,False,true,false,false,false,true,false,true,false,na,true,44.44,na,4,3,4,,4,4,9.978,11.977,7.116,-0.2392,0.2588,0.2588,0.0,-0.0634,2,1,0.7206,0.0,0.7582,human
C040,ai,434.46,17.24,0.0003,-17.95,0.7009,29.85,37,0.9344,3.18,2,hallucination_removed,account_holder,false,credit_card,2600000.0,,doesnt_recognize_debt_fraud;other,vague_promise,6,True,vague,,el 30,,false,true,False,1,True,1,1,agent,2,0,2,0.0,433.737,168.468,97.888,0.6325,37.186,47,6.5016,9.538,6.22,43.217,1,2.548,4.784,1.154,False,0.929,16,60.696,0.0,0.83,12.658,0.683,0.6917,208.7,160.59,,5.299,111.662,288.36,agent,CLIENT,2,1,1,True,2,False,true,true,true,false,true,true,false,false,true,true,70.0,na,2,2,2,2,3,3,8.064,6.907,4.705,0.4861,-0.0203,0.0029,0.0232,-0.914,14,3,0.7657,0.0,0.7635,ai
C041,human,105.64,9.16,0.0001,-18.5,0.6499,0.0,0,0.9313,3.66,2,low_snr,third_party,false,unknown,,,not_stated,third_party,1,False,na,,,,na,na,False,,False,0,0,none,0,0,0,,80.012,26.439,0.0,1.0,23.828,18,13.498,4.459,,7.622,0,,,,False,,1,4.523,0.0,0.0,1.909,,0.7499,15.89,,,,,,agent,AGENT,0,0,0,False,0,False,false,false,na,na,na,na,na,na,na,na,,false,3,3,3,,3,4,11.424,,7.515,,,,,,0,2,1.0,0.0,0.4712,unsure
C042,human,152.4,12.66,0.0001,-20.12,0.7855,9.36,13,0.9058,6.12,2,diar_corrected,account_holder,true,unknown,358385.0,,not_stated,firm_promise,7,True,firm,340000.0,31 de julio,full,true,false,False,3,True,1,0,agent,0,0,0,,147.732,92.114,10.557,0.8972,27.209,8,3.2491,32.844,3.008,90.535,1,0.726,0.776,1.063,False,0.789,0,0.0,0.4061,0.0,1.949,,0.4061,201.92,187.55,1.372,10.702,10.702,120.44,agent,AGENT,0,0,0,False,0,False,true,true,false,true,true,true,false,true,false,true,70.0,na,4,3,4,,4,4,6.184,4.286,5.626,,-0.141,-0.141,0.0,-0.1713,11,1,0.7572,3.904,0.7207,human
C043,ai,486.06,41.36,0.0,-20.35,0.8409,9.14,13,0.9406,2.24,2,diar_corrected;hallucination_removed,account_holder,true,unknown,2850000.0,,unemployment_income_loss;other,firm_promise,7,True,firm,250000.0,a más tardar el 31 de julio,full,true,true,False,3,True,3,2,agent,2,0,2,0.0,484.898,178.037,194.018,0.4785,22.866,37,4.5783,10.932,12.179,24.688,0,3.316,3.88,1.147,False,1.181,13,45.682,0.0,0.4949,5.086,0.954,0.4949,215.35,161.43,10.158,11.947,58.488,278.488,agent,CLIENT,0,0,0,True,1,False,true,true,true,true,true,true,false,false,true,true,80.0,na,4,3,3,4,4,4,8.789,6.557,4.736,-0.0286,0.2787,0.1742,-0.1045,-0.2319,15,4,0.8054,0.0,0.7194,ai
C044,human,145.24,12.52,0.0029,-17.66,0.6766,13.39,14,0.9116,4.14,3,three_speakers,account_holder,false,unknown,,,other,vague_promise,6,True,vague,250600.0,29 de agosto,full,false,true,False,2,True,0,1,client,1,1,0,100.0,123.525,55.735,28.717,0.66,25.369,14,6.8002,11.732,5.795,29.766,0,0.735,1.035,0.827,False,0.845,0,0.0,0.9715,0.4857,2.503,4.759,0.4857,190.54,185.95,,1.301,43.993,43.993,agent,AGENT,0,0,0,False,0,False,true,false,false,false,true,true,false,false,true,true,50.0,na,4,3,4,4,4,4,7.418,6.16,6.033,0.5695,-0.2572,0.3406,0.5978,-0.7857,1,0,0.731,0.0,0.6863,human
C045,ai,118.68,15.23,0.0,-19.06,0.5212,9.74,8,0.9566,1.28,2,agent_spoke_first;diar_corrected;hallucination_removed,account_holder,true,unknown,,,not_stated,holder_refuses,2,False,na,,,,na,na,False,,False,0,0,none,1,0,0,0.0,109.839,40.856,4.561,0.8996,54.948,5,2.7313,30.805,4.112,46.913,2,4.843,4.843,2.486,True,,6,39.235,0.5463,0.0,0.32,,0.0,214.41,131.55,11.358,17.28,,,cut_unclear,AGENT,0,0,0,False,1,False,true,true,false,true,false,false,false,false,na,false,33.33,na,2,2,1,1,2,3,8.475,13.869,5.673,,-0.1597,-0.1597,0.0,-0.3826,4,1,0.8656,0.0,0.7012,ai
C046,human,87.2,11.65,0.0,-22.72,0.8818,10.29,12,0.9246,3.42,2,,account_holder,true,unknown,,,not_stated,firm_promise,7,True,firm,10000000.0,31 de agosto,full,true,false,False,3,True,1,0,agent,0,0,0,,82.51,0.0,0.0,,4.295,1,0.7272,,,,0,,,,False,,0,0.0,0.0,0.0,0.0,,0.0,,,0.0,0.0,0.0,0.0,agent,UNKNOWN,0,0,0,False,0,False,true,false,false,true,true,false,false,false,false,true,40.0,na,4,3,4,,5,5,,,,,,,,,0,0,,,,human
C047,human,209.58,14.14,0.0,-22.07,0.657,5.84,7,0.8982,4.85,3,agent_spoke_first;three_speakers,account_holder,true,unknown,7576406.0,,unemployment_income_loss;illness_calamity,vague_promise,6,True,vague,300000.0,a más tardar el 5 de agosto,full,true,true,False,3,True,2,2,agent,2,2,0,100.0,194.496,98.565,25.198,0.7964,35.048,19,5.8613,13.949,2.945,25.785,0,1.468,3.223,1.215,True,,4,20.602,0.0,0.0,0.487,,0.0,197.84,207.16,3.848,5.215,49.866,164.802,agent,AGENT,0,0,0,False,0,False,true,true,false,true,true,false,false,false,true,true,60.0,na,3,4,4,4,3,4,10.206,6.227,6.279,0.8366,-0.1454,0.1065,0.2519,-0.924,6,0,0.7313,0.603,0.7412,human
C048,ai,320.04,22.41,0.0007,-17.7,0.6864,3.68,4,0.9428,1.93,2,diar_corrected;hallucination_removed,account_holder,false,unknown,1270000.0,,not_stated,firm_promise,7,True,firm,330000.0,31 de agosto,full,true,true,False,3,True,4,0,agent,1,1,0,100.0,310.669,161.566,37.226,0.8127,36.721,24,4.6352,19.217,3.478,44.162,3,1.991,2.81,2.129,False,0.0,6,37.417,0.0,0.5794,4.531,0.996,0.3863,192.37,169.24,,12.42,75.145,219.797,agent,AGENT,2,2,0,True,1,False,true,true,false,false,true,true,false,false,true,true,60.0,na,4,3,3,3,4,4,8.539,5.558,5.672,0.1868,-0.0721,-0.0478,0.0243,-0.4719,16,3,0.7713,0.0,0.6935,ai
C049,human,578.9,14.74,0.0004,-19.2,0.8486,15.94,21,0.8845,7.15,2,diar_corrected,account_holder,true,payroll_loan,,,forgot;over_indebtedness,vague_promise,6,True,vague,650000.0,31 de julio,,false,false,False,2,True,5,1,agent,2,0,1,0.0,569.875,313.49,141.183,0.6895,21.351,44,4.6326,18.234,8.224,59.045,5,0.397,0.947,0.885,False,1.094,6,20.979,0.6317,0.9476,19.006,1.029,1.3687,180.87,144.92,1.514,1.514,36.794,464.272,agent,AGENT,0,0,0,True,0,False,true,true,false,true,true,true,false,false,false,true,60.0,na,2,3,3,3,2,4,6.023,7.264,6.001,-0.1205,-0.3751,-0.2591,0.116,-0.9511,10,2,0.7776,4.954,0.7678,human
C050,human,276.52,10.7,0.0001,-21.36,0.84,7.95,11,0.8817,6.76,3,agent_spoke_first;diar_corrected;three_speakers,account_holder,true,unknown,3341059.0,,unemployment_income_loss,no_agreement,3,False,na,,,,na,na,False,,True,3,0,agent,1,0,0,0.0,261.46,173.82,45.22,0.7936,16.335,22,5.0486,18.767,6.235,78.705,3,0.158,1.119,0.701,True,,0,0.0,0.459,0.6884,6.941,3.558,0.9179,176.73,144.63,10.084,10.084,10.084,,agent,CLIENT,0,0,0,False,0,False,true,true,false,true,true,false,false,false,na,true,55.56,na,2,3,3,3,3,4,15.825,18.963,6.497,-0.8738,-0.3382,-0.4858,-0.1476,-0.9178,5,2,0.7567,3.797,0.7477,human
C051,ai,314.22,15.88,0.0018,-17.02,0.7378,31.85,42,0.9504,2.39,2,agent_spoke_first;diar_corrected,third_party,false,unknown,880000.0,,not_stated,third_party,1,False,na,,,,na,na,True,,True,1,0,agent,0,0,0,,311.108,160.207,0.0,1.0,30.913,25,4.8215,18.415,,64.834,2,,,,True,,4,21.042,0.0,0.0,6.141,,0.0,218.34,,,0.0,132.25,,agent,AGENT,0,0,0,True,1,False,true,true,na,na,na,na,na,na,na,na,,true,3,3,2,,3,2,7.819,,5.497,,,,,,8,11,0.7738,0.0,0.7652,ai
C052,ai,439.72,22.49,0.0001,-17.74,0.7377,45.94,48,0.9533,2.16,3,diar_corrected;three_speakers,account_holder,true,unknown,1820000.0,,other,firm_promise,7,True,firm,490000.0,30 de junio,full,true,true,False,3,True,4,0,agent,2,1,1,50.0,437.935,195.861,72.105,0.7309,32.303,35,4.7952,16.014,6.229,51.086,3,2.354,4.303,1.647,False,2.025,6,20.206,0.274,0.274,2.03,1.966,0.548,221.48,170.58,2.627,2.627,156.612,275.479,agent,CLIENT,0,0,0,True,0,False,true,true,false,true,true,true,false,false,true,true,70.0,na,3,2,2,3,3,3,8.026,7.585,5.581,0.3429,0.4033,-0.1695,-0.5728,-0.8008,18,2,0.758,0.0,0.7707,ai
C053,ai,90.82,28.69,0.0,-17.94,0.7418,6.04,8,0.953,2.94,2,agent_spoke_first,account_holder,true,unknown,11020000.0,,doesnt_recognize_debt_fraud,no_agreement,3,False,na,,,,na,na,False,,True,1,0,agent,1,0,0,0.0,86.621,37.701,18.458,0.6713,31.06,7,4.8487,10.791,10.686,32.535,1,1.806,3.21,1.452,True,,1,3.561,0.0,0.0,0.0,,0.6927,190.98,52.01,2.616,9.214,22.764,,cut_unclear,AGENT,0,0,0,False,0,False,true,true,false,true,true,false,false,false,na,false,44.44,na,3,3,3,2,2,3,8.393,5.732,4.931,,0.0068,0.0068,0.0,-0.1826,4,0,0.7888,0.0,0.6998,ai
C054,ai,344.7,26.24,0.0,-19.8,0.779,23.36,29,0.9659,1.13,2,agent_spoke_first,account_holder,true,unknown,6590000.0,,unemployment_income_loss,no_agreement,3,False,na,,,,na,na,False,,True,3,0,agent,2,0,0,0.0,338.303,154.076,77.118,0.6664,26.821,21,3.7245,17.587,8.891,38.323,2,3.256,4.614,2.391,True,,6,22.487,0.0,0.0,0.152,,0.0,219.63,178.95,38.857,31.081,82.141,,agent,AGENT,0,0,0,False,0,False,true,true,true,false,true,false,false,true,na,true,66.67,na,3,3,3,3,3,4,8.322,8.266,4.733,0.1823,0.1433,-0.7916,-0.9349,-0.9427,11,4,0.8201,0.385,0.7704,ai
C055,human,175.46,12.48,0.0,-20.7,0.7618,1.79,4,0.8146,10.29,2,diar_corrected,account_holder,false,unknown,,,not_stated,firm_promise,7,True,firm,,ahorita,,false,false,True,1,False,0,0,none,0,0,0,,163.912,97.189,31.835,0.7533,28.263,20,7.321,12.074,4.937,31.624,1,0.561,1.556,0.388,False,1.37,1,8.117,0.7321,1.4642,12.723,2.11,1.8303,109.27,50.89,,28.814,,106.54,agent,AGENT,0,0,0,False,0,False,false,false,false,false,false,false,false,false,false,true,10.0,na,3,3,4,,4,4,6.929,8.797,7.684,0.0742,0.2482,0.2339,-0.0143,0.0169,1,4,0.7045,0.617,0.7166,human
C056,human,594.72,17.82,0.0006,-16.96,0.6897,18.5,26,0.9163,3.91,2,,account_holder,true,unknown,,350000.0,payment_channel_problem,firm_promise,7,True,firm,350000.0,martes 18 de agosto,full,true,true,False,3,True,2,2,agent,3,2,1,66.67,581.513,262.635,117.327,0.6912,33.823,40,4.1272,22.199,6.413,106.735,3,0.847,2.482,0.861,False,0.439,6,95.169,0.6191,0.1032,7.376,1.451,0.6191,197.84,185.12,4.32,4.32,201.386,472.585,agent,AGENT,0,0,0,True,0,True,true,true,false,true,true,true,true,false,true,true,80.0,na,2,4,3,4,3,4,6.847,7.174,5.966,-0.1761,-0.5157,0.0056,0.5213,-0.9171,17,3,0.7384,1.591,0.783,human
C057,human,126.5,11.17,0.0,-20.4,0.6532,6.32,6,0.921,4.98,3,three_speakers,account_holder,false,unknown,16000000.0,,other,no_agreement,3,False,na,,,,na,na,False,,True,1,0,agent,1,0,1,0.0,110.615,56.055,18.232,0.7546,29.113,10,5.4242,16.141,3.973,46.125,1,1.302,2.184,1.316,False,2.56,1,5.601,0.0,0.5424,1.824,1.3,0.0,204.44,230.36,,7.692,64.49,,cut_unclear,AGENT,0,0,0,False,0,False,true,true,false,false,true,false,false,false,na,false,33.33,na,2,3,3,3,2,3,5.502,4.575,5.932,0.2889,0.0232,-0.2503,-0.2735,-0.7168,7,0,0.7769,2.118,0.7225,human
C058,human,177.64,12.39,0.0003,-18.3,0.8375,9.72,10,0.8253,12.77,3,three_speakers,account_holder,false,unknown,,,unemployment_income_loss;illness_calamity,no_agreement,3,False,na,,,,na,na,False,,True,1,0,agent,1,0,1,0.0,165.517,87.962,45.995,0.6566,18.579,21,7.6125,10.666,4.806,30.999,1,0.0,0.962,1.634,False,0.952,1,3.24,1.0875,1.45,7.105,0.945,1.45,139.15,152.63,,1.6,56.91,,agent,CLIENT,0,0,0,False,0,False,true,true,false,false,true,false,false,true,na,true,55.56,na,2,4,4,3,2,4,11.549,9.281,6.05,-0.0431,0.0846,-0.4889,-0.5735,-0.9278,5,1,0.8072,1.364,0.6911,human
C059,human,132.6,15.0,0.0,-21.86,0.8536,8.17,12,0.9333,3.95,2,agent_spoke_first,third_party,false,unknown,,,already_paid,third_party,1,False,na,,,,na,na,False,,False,0,0,none,0,0,0,,122.951,58.901,0.0,1.0,16.945,15,7.32,8.988,,18.647,0,,,,True,,0,0.0,0.0,0.0,2.049,,0.976,149.74,,,12.47,,,agent,AGENT,0,0,0,False,0,True,true,false,na,na,na,na,na,na,na,na,,true,3,2,3,,3,2,6.173,,4.702,,,,,,2,6,0.72,0.0,0.7283,human
C060,human,294.54,17.05,0.0,-20.58,0.8014,8.87,12,0.9138,3.54,2,diar_corrected;hallucination_removed,account_holder,true,unknown,4240000.0,250000.0,not_stated,no_agreement,3,False,na,,,,na,na,False,,True,0,0,none,1,1,0,100.0,284.985,188.199,20.455,0.902,24.805,16,3.3686,29.939,2.927,61.088,5,0.683,2.348,2.075,False,0.692,1,4.281,0.0,0.0,1.03,,0.6316,198.3,164.26,1.131,1.131,,,agent,AGENT,0,0,0,False,0,False,true,true,true,true,true,true,false,true,na,true,88.89,na,5,3,4,4,4,4,6.107,5.616,6.231,-0.2805,-0.1539,0.0605,0.2144,-0.4239,9,5,0.7572,3.808,0.7666,human
C061,ai,68.08,20.0,0.0,-18.8,0.3497,9.51,11,0.9593,1.54,2,agent_spoke_first,wrong_number,false,unknown,,,not_stated,no_contact,0,False,na,,,,na,na,False,,False,0,0,none,0,0,0,,63.602,15.216,0.0,1.0,65.307,6,5.6602,15.534,,25.313,0,,,,True,,3,20.396,0.0,0.0,1.098,,0.0,212.93,,,0.0,,,cut_unclear,THIRD_PARTY,0,0,0,False,1,False,true,true,na,na,na,na,na,na,na,na,,true,2,2,1,,2,2,7.987,,5.394,,,,,,1,1,0.872,0.0,0.7182,ai
C062,ai,201.42,27.17,0.0,-18.61,0.8692,10.63,13,0.9329,3.21,2,diar_corrected,wrong_number,false,microcredit,,,not_stated,no_contact,0,False,na,,,,na,na,False,,False,0,0,none,0,0,0,,200.02,25.978,0.0,1.0,17.956,10,2.9997,6.632,,14.276,0,,,,False,,2,6.955,0.0,0.0,0.422,,0.3,217.11,,,8.252,,,cut_unclear,AGENT,0,0,0,False,0,True,true,true,na,na,na,na,na,na,na,na,,true,4,4,3,,4,4,8.313,,5.54,,,,,,1,0,0.8144,0.0,0.6845,ai
C063,ai,107.4,16.87,0.0002,-17.38,0.2994,11.19,11,0.96,1.06,2,agent_spoke_first,no_answer,na,unknown,,,not_stated,no_contact,0,False,na,,,,na,na,False,,False,0,0,none,0,0,0,,103.373,29.811,0.0,1.0,67.661,1,0.5804,103.373,,103.373,1,,,,True,,9,58.473,0.0,0.0,0.0,,0.0,189.19,,,,,,agent,AGENT,0,0,0,False,0,False,true,false,na,na,na,na,na,na,na,na,,na,,,,,,3,10.817,,6.622,,,,,,3,1,0.6089,0.0,0.5693,ai
C064,ai,88.0,29.35,0.0004,-17.57,0.7416,6.75,10,0.9553,2.44,2,,third_party,false,unknown,,,not_stated,third_party,1,False,na,,,,na,na,False,,False,0,0,none,0,0,0,,82.924,36.602,0.0,1.0,32.763,12,8.6826,7.344,,14.129,0,,,,False,,0,0.0,0.0,0.0,0.894,,0.0,214.74,,,34.324,,,agent,AGENT,0,0,0,False,0,False,true,false,na,na,na,na,na,na,na,na,,true,4,3,4,,3,4,7.476,,5.531,,,,,,4,3,0.7993,0.0,0.634,ai
C065,ai,263.72,7.53,0.0,-20.4,0.6516,24.79,33,0.9552,2.42,2,agent_spoke_first;low_snr,account_holder,true,unknown,590000.0,,over_indebtedness,firm_promise,7,True,firm,560000.0,31 de julio,full,true,true,False,3,True,1,0,agent,2,1,0,50.0,258.424,103.6,37.913,0.7321,39.927,25,5.8044,11.107,3.394,54.482,1,3.054,3.83,3.087,True,,10,38.09,0.0,0.0,0.32,,0.2322,241.51,191.49,17.972,21.574,21.574,154.7,cut_unclear,AGENT,0,0,0,True,1,False,true,true,false,true,true,true,false,false,true,false,60.0,na,4,3,3,3,4,3,8.131,5.503,4.602,1.0962,0.0416,-0.0682,-0.1098,-0.4788,11,2,0.7413,0.0,0.7322,ai
C066,human,202.66,11.54,0.0,-21.02,0.7127,6.04,6,0.9232,3.36,2,,account_holder,false,unknown,977920.0,,not_stated,firm_promise,7,True,firm,326000.0,25 de agosto,full,true,true,False,3,True,1,0,agent,1,1,0,100.0,173.308,128.542,7.423,0.9454,19.813,10,3.462,32.212,1.644,77.54,2,0.248,0.632,1.619,False,-0.675,1,3.353,0.6924,0.3462,1.838,0.877,0.3462,161.97,80.83,,0.002,23.2,92.781,agent,AGENT,0,0,0,False,0,False,true,true,false,false,true,true,false,false,true,true,60.0,na,4,3,4,3,5,5,7.168,4.601,6.27,,0.2431,0.2431,0.0,0.2431,8,2,0.7859,1.393,0.718,human
C067,ai,107.28,21.25,0.0,-16.14,0.795,16.28,18,0.9289,2.86,2,agent_spoke_first;diar_corrected,account_holder,true,unknown,3160000.0,,unemployment_income_loss,no_agreement,3,False,na,,,,na,na,False,,True,1,0,agent,1,0,0,0.0,103.739,64.224,2.965,0.9559,25.219,5,2.8919,32.74,1.172,46.355,2,2.11,2.758,0.962,True,,0,0.0,0.0,0.0,0.844,,0.0,224.22,101.18,0.0,0.0,83.717,,cut_unclear,AGENT,0,0,0,False,0,False,true,true,false,true,true,false,false,false,na,false,44.44,na,3,3,3,3,2,4,8.286,17.326,6.019,,-0.8177,-0.8177,0.0,-0.8177,4,3,0.7931,0.0,0.7029,ai
C068,ai,222.88,26.38,0.0,-17.53,0.6335,22.43,22,0.9488,2.74,3,agent_spoke_first;diar_corrected;hallucination_removed;three_speakers,account_holder,false,unknown,70000.0,,not_stated,firm_promise,7,True,firm,60000.0,antes del 13 de agosto,full,true,true,False,3,True,2,0,agent,0,0,0,,217.267,104.637,14.112,0.8812,39.364,13,3.5901,25.392,4.214,96.695,2,2.026,2.615,1.367,True,,2,10.274,0.0,0.2762,0.607,2.666,0.0,198.4,80.78,,0.0,0.0,109.942,agent,AGENT,0,0,0,True,0,False,true,true,true,false,true,true,false,false,true,true,70.0,na,3,3,3,,4,3,8.242,5.477,5.619,0.9352,0.0643,0.0643,0.0,-0.0101,11,1,0.8127,0.0,0.708,ai
C069,ai,104.52,8.31,0.0,-17.36,0.7205,9.96,9,0.9721,0.88,2,agent_spoke_first;low_snr,account_holder,true,unknown,800000.0,,not_stated,no_agreement,3,False,na,,,,na,na,False,,True,2,0,agent,0,0,0,,102.313,62.342,0.0,1.0,32.496,1,0.5864,102.313,,102.313,1,,,,True,,2,7.781,0.0,0.0,0.067,,0.0,218.47,,0.0,0.0,0.0,,cut_unclear,AGENT,0,0,0,False,0,False,true,true,false,true,true,false,false,false,na,false,44.44,na,2,3,3,,3,3,9.217,,5.799,,,,,,4,1,0.798,0.0,0.6206,ai
C070,ai,561.58,22.96,0.0,-21.1,0.7869,30.81,41,0.9366,4.11,2,agent_spoke_first;diar_corrected,account_holder,true,unknown,25880000.0,,payment_channel_problem;other,callback_scheduled,4,False,na,,,,na,na,True,,True,4,1,agent,3,1,0,33.33,555.795,210.392,190.349,0.525,26.473,39,4.2102,13.716,12.442,45.006,2,2.717,4.41,1.419,True,,8,27.51,0.2159,0.108,13.985,0.692,1.4034,217.31,143.11,0.0,0.0,24.857,,agent,AGENT,2,2,0,True,1,True,true,true,true,true,true,false,false,true,na,true,77.78,na,2,3,2,3,3,3,8.588,6.484,4.88,0.3336,-0.5062,0.0865,0.5927,-0.9428,17,6,0.8137,0.282,0.7201,ai
C071,human,1233.2,12.41,0.0,-24.87,0.8674,19.28,28,0.865,7.55,2,diar_corrected;hallucination_removed,account_holder,false,credit_card,1348000.0,,payment_channel_problem,vague_promise,6,True,vague,360000.0,30 de julio,full,false,true,False,2,True,4,4,agent,1,0,1,0.0,1216.722,657.402,292.704,0.6919,23.494,78,3.8464,21.248,9.445,154.218,10,0.641,1.767,0.97,False,0.945,3,14.411,0.1479,0.3945,33.995,1.086,1.7753,171.22,109.87,,64.598,88.932,695.335,agent,AGENT,2,1,1,True,0,False,true,true,false,false,true,true,false,true,true,true,70.0,na,2,4,3,3,2,4,11.457,10.977,6.492,-0.3612,0.4198,0.244,-0.1758,-0.9185,16,3,0.7696,1.46,0.7897,human
C072,ai,67.16,25.57,0.0004,-18.65,0.6298,10.75,10,0.9532,1.34,2,agent_spoke_first;diar_corrected,third_party,false,unknown,,,not_stated,third_party,1,False,na,,,,na,na,False,,False,0,0,none,0,0,0,,58.843,21.186,0.0,1.0,33.371,9,9.177,6.447,,7.357,0,,,,True,,0,0.0,0.0,0.0,0.0,,0.0,249.22,,,51.486,,,cut_unclear,AGENT,0,0,0,False,1,False,true,false,na,na,na,na,na,na,na,na,,true,3,3,2,,3,3,7.884,,4.798,,,,,,3,5,0.839,0.0,0.6145,ai
C073,ai,272.22,28.97,0.0,-17.48,0.7222,25.02,21,0.9232,3.37,2,agent_spoke_first;diar_corrected;hallucination_removed,account_holder,true,unknown,860000.0,,not_stated,firm_promise,7,True,firm,60000.0,5 de agosto de 2026,full,true,true,False,3,True,2,1,agent,1,1,0,100.0,264.482,127.5,34.239,0.7883,33.207,25,5.6715,13.957,2.824,72.339,2,2.181,3.679,1.744,True,,6,21.271,0.2269,0.0,1.795,,0.0,216.0,184.0,9.028,11.951,11.951,120.673,agent,AGENT,0,0,0,True,0,False,true,true,false,true,true,true,false,false,true,true,70.0,na,4,4,4,4,5,4,8.154,7.633,6.116,0.2437,0.1696,-0.1404,-0.31,-0.8336,10,3,0.8042,0.0,0.7067,ai
C074,human,88.44,20.02,0.0,-21.42,0.7833,2.09,4,0.9097,4.35,2,,account_holder,true,unknown,,580000.0,payment_channel_problem,no_agreement,3,False,na,,,,na,na,False,,True,0,0,none,1,0,1,0.0,82.116,51.209,21.228,0.7069,20.461,15,10.9601,8.038,5.451,24.283,0,0.388,0.434,0.81,False,0.355,1,3.207,0.7307,1.4613,8.785,4.596,1.4613,187.47,67.83,12.723,13.82,,,cut_unclear,CLIENT,0,0,0,False,0,False,true,true,false,true,true,true,true,false,na,false,66.67,na,4,3,4,3,3,4,5.432,11.828,6.641,-0.2642,0.1963,0.1963,0.0,-0.0454,1,1,0.795,2.321,0.682,human
C075,human,141.48,12.04,0.0,-15.35,0.1711,0.0,0,0.9413,0.0,3,agent_spoke_first;diar_corrected;three_speakers,voicemail,na,unknown,,,not_stated,no_contact,0,False,na,,,,na,na,False,,False,0,0,none,0,0,0,,28.655,10.598,0.0,1.0,53.296,2,4.1878,13.18,,20.302,0,,,,True,,3,15.272,0.0,0.0,0.0,,0.0,5.66,,,,,,agent,AGENT,0,0,0,False,0,False,false,false,na,na,na,na,na,na,na,na,,na,,,,,,3,16.071,,5.91,,,,,,0,0,1.0,0.0,0.3216,unsure
C076,human,186.02,12.1,0.0002,-18.47,0.772,14.25,18,0.8941,4.57,2,agent_spoke_first;diar_corrected,account_holder,false,unknown,19620732.0,,not_stated,no_agreement,3,False,na,,,,na,na,False,,True,2,1,agent,1,0,0,0.0,174.184,85.511,45.165,0.6544,21.928,19,6.5448,10.376,8.107,38.947,1,1.604,3.163,1.371,True,,1,3.307,0.6889,1.0334,5.812,1.632,0.6889,161.38,188.64,,7.331,24.645,,cut_unclear,AGENT,0,0,0,False,0,False,true,true,false,false,true,false,false,false,na,false,33.33,na,3,2,2,2,2,3,9.257,5.868,6.965,0.374,0.2949,-0.0403,-0.3352,-0.335,0,0,0.7574,0.693,0.6904,human
C077,ai,533.7,25.7,0.0032,-15.93,0.7659,28.85,44,0.9326,3.14,2,agent_spoke_first,account_holder,true,other,1120000.0,,disputes_charge,firm_promise,7,True,firm,420000.0,8 de julio de 2026,full,true,true,False,3,True,3,2,agent,2,2,0,100.0,525.116,209.178,166.016,0.5575,28.442,59,6.7414,8.146,7.697,24.047,0,2.592,4.438,1.038,True,,10,33.809,0.3428,1.0283,19.462,2.936,1.3711,215.99,188.66,6.704,9.648,188.889,253.226,agent,AGENT,1,1,0,True,1,False,true,true,true,true,true,true,false,false,true,true,80.0,na,4,3,2,3,4,3,8.645,8.637,5.09,-0.0513,0.5128,-0.0731,-0.5859,-0.7161,17,1,0.752,0.286,0.7313,ai
C078,human,137.76,8.88,0.0005,-18.49,0.72,7.6,9,0.9275,2.69,3,diar_corrected;hallucination_removed;low_snr;three_speakers,account_holder,false,unknown,,145000.0,other,firm_promise,7,True,firm,145000.0,apenas de un tiempito,full,false,true,False,2,True,0,1,client,1,1,0,100.0,118.277,60.007,24.34,0.7114,23.961,18,9.1311,9.43,4.136,18.849,0,0.744,1.617,0.911,False,0.253,0,0.0,0.0,1.0146,3.61,3.347,0.5073,188.98,175.02,,14.479,68.654,90.501,agent,AGENT,0,0,0,True,0,False,true,false,false,false,true,true,true,false,true,true,60.0,na,4,3,4,4,4,4,9.537,8.907,7.218,-0.674,0.1082,0.1404,0.0322,-0.5877,2,0,0.6151,0.993,0.7532,human
C079,ai,92.1,13.6,0.0003,-17.34,0.7225,15.39,16,0.9465,1.62,2,,account_holder,true,unknown,12740000.0,,not_stated,no_agreement,3,False,na,,,,na,na,False,,False,0,0,none,1,0,0,0.0,83.086,42.086,11.637,0.7834,26.124,10,7.2214,11.729,4.04,21.397,0,2.143,2.869,1.334,False,0.0,1,3.105,0.0,1.4443,2.574,2.64,0.0,225.25,139.21,24.08,4.829,,,cut_unclear,AGENT,0,0,0,False,0,False,true,true,false,false,true,false,false,false,na,false,33.33,na,2,2,2,1,2,3,8.378,6.71,5.708,,0.3929,0.1041,-0.2888,-0.4367,3,1,0.8272,0.0,0.7155,ai
C080,human,350.68,6.55,0.0002,-19.96,0.8946,17.19,15,0.901,5.28,3,agent_spoke_first;low_snr;three_speakers,account_holder,false,unknown,1400000.0,,not_stated,callback_scheduled,4,False,na,,,,na,na,True,,True,2,0,agent,0,0,0,,332.927,199.521,80.045,0.7137,12.384,26,4.6857,17.74,7.061,46.744,3,0.514,1.169,0.968,True,,0,0.0,0.3604,0.3604,6.248,1.956,0.1802,165.7,41.23,,0.0,0.0,,agent,CLIENT,0,0,0,True,0,False,false,false,false,false,true,false,true,true,na,true,44.44,na,3,3,4,,4,4,6.428,17.655,4.922,-0.2862,-0.0389,0.1402,0.1791,-0.2113,5,1,0.7337,1.488,0.7751,human
C081,ai,85.22,17.68,0.0,-17.33,0.5462,9.26,8,0.8755,7.81,2,diar_corrected,wrong_number,false,unknown,,,not_stated,no_contact,0,False,na,,,,na,na,False,,False,0,0,none,0,0,0,,79.262,25.431,0.0,1.0,46.379,11,8.3268,8.241,,15.356,0,,,,False,,2,11.306,0.0,0.0,0.338,,0.757,231.21,,,,,,agent,THIRD_PARTY,0,0,0,False,0,False,true,false,na,na,na,na,na,na,na,na,,false,4,3,4,,4,5,8.902,,6.222,,,,,,2,3,0.8133,0.0,0.6179,unsure
C082,ai,255.54,21.57,0.0021,-17.18,0.8744,21.43,21,0.9573,2.11,3,diar_corrected;three_speakers,account_holder,false,unknown,1560000.0,,not_stated,no_agreement,3,False,na,,,,na,na,False,,True,2,0,agent,2,0,1,0.0,252.247,117.349,82.724,0.5865,17.614,29,6.898,10.117,6.571,24.46,0,1.046,3.242,1.046,False,0.92,1,3.227,0.7136,1.1893,9.913,0.978,0.9514,190.71,108.07,,16.605,170.538,,client_hangup,CLIENT,0,0,0,True,0,True,true,true,false,false,true,false,false,false,na,false,33.33,na,3,2,2,2,2,3,8.032,15.252,5.497,0.0526,-0.2786,-0.1225,0.1561,-0.9351,7,1,0.7773,0.0,0.7521,ai
C083,human,152.86,8.31,0.0,-21.92,0.7609,4.73,8,0.8837,6.85,2,agent_spoke_first;low_snr,account_holder,false,unknown,,,not_stated,no_agreement,3,False,na,,,,na,na,False,,True,0,0,none,1,1,0,100.0,134.451,74.212,31.187,0.7041,19.308,11,4.9089,14.652,6.838,28.586,0,0.827,1.222,1.704,True,,0,0.0,0.0,0.0,0.725,,0.0,185.95,175.07,,27.228,,,agent,AGENT,0,0,0,True,0,False,false,true,false,false,false,true,false,false,na,true,33.33,na,4,4,4,5,4,5,8.724,8.49,5.876,-0.6637,-0.2695,0.0774,0.3469,-0.7723,2,1,0.7537,4.757,0.6583,human
C084,ai,60.32,18.86,0.0002,-18.62,0.4726,9.05,8,0.8934,1.49,2,agent_spoke_first,hangup_before_identification,false,unknown,,,not_stated,no_contact,0,False,na,,,,na,na,False,,False,0,0,none,0,0,0,,56.695,21.693,0.0,1.0,55.203,1,1.0583,56.695,,56.695,1,,,,True,,3,16.041,0.0,0.0,1.064,,0.0,185.31,,,0.0,,,cut_unclear,AGENT,0,0,0,False,0,False,true,true,na,na,na,na,na,na,na,na,,na,,,,,,3,15.764,,6.277,,,,,,2,1,0.7589,0.0,0.6139,ai
C085,ai,87.52,15.85,0.0,-16.29,0.7559,10.22,11,0.9477,2.69,1,agent_spoke_first;one_speaker,account_holder,false,unknown,1550000.0,,not_stated,no_agreement,3,False,na,,,,na,na,False,,True,2,0,agent,0,0,0,,85.269,54.666,0.0,1.0,27.16,1,0.7037,85.269,,85.269,1,,,,True,,0,0.0,0.0,0.0,0.0,,0.0,204.15,,,0.0,0.0,,cut_unclear,AGENT,0,0,0,False,0,False,true,true,false,false,true,false,false,false,na,false,33.33,na,2,3,3,,3,3,8.693,,5.815,,,,,,2,1,0.8116,0.0,0.6058,ai
C086,human,141.12,12.28,0.0,-19.18,0.7501,4.52,7,0.8738,7.3,3,diar_corrected;three_speakers,account_holder,false,unknown,,400000.0,unemployment_income_loss,firm_promise,7,True,firm,400000.0,este sábado,full,true,true,False,3,True,0,1,client,1,1,0,100.0,126.883,36.976,62.806,0.3706,23.869,13,6.1474,9.361,13.496,24.553,0,0.573,1.129,0.726,False,-29.503,0,0.0,0.0,1.8915,8.874,1.384,3.3101,167.14,201.57,,46.339,79.903,79.903,agent,CLIENT,0,0,0,False,0,False,true,false,false,false,false,false,false,false,true,true,30.0,na,3,4,4,4,4,4,5.117,6.364,7.155,-0.7864,-0.6535,-0.1767,0.4768,-0.9444,5,1,0.7075,3.245,0.6329,human
C087,ai,295.56,17.89,0.0,-15.66,0.4577,24.5,30,0.9582,1.26,2,agent_spoke_first,account_holder,false,unknown,650000.0,,not_stated,firm_promise,7,True,firm,540000.0,21 de agosto de 2026,full,false,false,False,2,True,2,0,agent,0,0,0,,288.856,116.841,0.0,1.0,55.908,1,0.2077,288.856,,288.856,1,,,,True,,17,126.61,0.0,0.0,0.0,,0.0,203.35,,,0.0,0.0,0.0,cut_unclear,AGENT,0,0,0,False,0,False,true,false,false,false,true,true,false,false,false,false,30.0,na,3,2,2,,3,3,9.068,,6.091,,,,,,16,3,0.7403,0.0,0.5534,ai
C088,human,224.62,10.81,0.0001,-18.56,0.7318,16.43,22,0.9166,5.16,3,agent_spoke_first;hallucination_removed;three_speakers,account_holder,false,unknown,1229000.0,,other,vague_promise,6,True,vague,100000.0,el 15 de este mes de julio,full,false,true,False,2,True,3,2,agent,2,1,1,50.0,204.158,92.914,54.674,0.6295,24.044,22,6.4656,10.584,6.252,39.055,1,0.945,3.738,0.692,True,,3,18.586,0.0,0.5878,4.998,3.091,1.4695,177.58,144.86,,17.015,17.015,180.06,agent,CLIENT,0,0,0,True,0,False,true,true,false,false,true,false,false,true,true,true,60.0,na,3,4,4,4,3,4,9.259,6.907,6.671,-0.0617,0.2491,0.317,0.0679,-0.8844,6,1,0.75,0.0,0.7827,human
C089,ai,131.1,13.66,0.0002,-16.92,0.7376,12.82,13,0.9449,2.43,2,agent_spoke_first;diar_corrected,account_holder,true,unknown,740000.0,,not_stated,no_agreement,3,False,na,,,,na,na,False,,True,2,0,agent,0,0,0,,126.04,71.82,10.234,0.8753,29.091,11,5.2364,15.661,2.788,46.339,1,2.295,3.681,1.266,True,,2,6.882,0.0,0.476,1.771,1.029,0.476,214.7,181.75,0.506,19.96,36.163,,cut_unclear,AGENT,1,0,1,False,0,False,true,true,false,true,true,false,false,false,na,false,44.44,na,2,3,3,,3,3,8.234,10.249,5.786,-0.0999,0.1848,-0.2017,-0.3865,-0.9701,5,0,0.8094,0.0,0.7297,ai
C090,human,308.64,12.75,0.0,-21.38,0.7883,21.98,31,0.9046,3.71,3,agent_spoke_first;three_speakers,account_holder,true,unknown,907415.0,,not_stated,firm_promise,7,True,firm,680000.0,15 de julio,full,true,true,False,3,True,2,0,agent,0,0,0,,297.603,158.121,56.664,0.7362,24.447,21,4.2338,17.669,8.558,40.045,1,0.936,3.361,0.641,True,,1,3.839,0.4032,0.0,6.544,,1.2097,202.63,176.83,0.0,0.0,21.646,146.994,agent,AGENT,0,0,0,False,0,False,true,true,false,true,true,false,true,true,true,true,80.0,na,5,4,4,,5,5,6.549,6.292,5.817,-0.2148,-0.0818,-0.0746,0.0072,-0.3553,11,3,0.7602,4.174,0.7824,human
C091,human,109.82,9.41,0.0,-18.98,0.3316,2.46,3,0.9094,5.21,3,low_snr;three_speakers,account_holder,false,unknown,,,not_stated,no_agreement,3,False,na,,,,na,na,False,,False,0,0,none,1,1,0,100.0,44.213,18.036,14.724,0.5505,23.376,10,13.5707,4.099,3.363,9.433,0,0.624,0.986,1.451,False,0.624,0,0.0,0.0,1.3571,0.767,0.767,1.3571,143.05,215.97,,,,,agent,AGENT,0,0,0,False,0,False,false,false,false,false,false,false,false,false,na,true,11.11,na,3,4,4,4,3,4,5.067,11.101,6.459,,-0.2764,-0.0347,0.2417,-0.7604,0,0,0.7674,3.327,0.599,human
C092,human,135.16,9.75,0.0,-21.79,0.7568,7.58,12,0.9254,3.62,2,agent_spoke_first;low_snr,account_holder,true,unknown,,400000.0,illness_calamity,firm_promise,7,True,firm,400000.0,10 de julio,full,true,false,False,3,True,1,0,agent,1,1,0,100.0,122.21,50.6,42.32,0.5446,20.193,4,1.9638,34.253,25.118,38.787,1,0.0,0.0,1.734,True,,0,0.0,0.0,0.0,1.437,,0.0,214.62,174.39,0.0,0.0,72.615,72.615,agent,CLIENT,0,0,0,False,0,False,true,true,false,true,true,true,false,false,false,true,60.0,na,4,5,4,5,4,5,5.188,5.193,5.603,,0.0356,0.0356,0.0,-0.807,2,0,0.765,4.706,0.7154,human
C093,human,304.24,10.73,0.0,-19.99,0.7932,8.2,12,0.918,4.35,3,agent_spoke_first;diar_corrected;three_speakers,account_holder,false,unknown,856881.0,,not_stated,firm_promise,7,True,firm,285627.0,31 de agosto,full,true,true,False,3,True,2,1,agent,0,0,0,,280.896,187.177,32.223,0.8531,18.987,21,4.4856,20.72,3.828,62.792,3,0.886,1.644,0.894,True,,2,8.078,0.0,0.2136,1.639,0.557,0.4272,198.74,173.17,,0.0,20.099,57.325,agent,AGENT,0,0,0,False,0,False,true,true,true,false,true,true,false,true,true,true,80.0,na,4,3,4,,5,5,8.027,4.799,6.198,0.8287,0.0212,0.1688,0.1476,-0.3175,9,1,0.7646,2.548,0.8003,human
C094,human,285.6,17.58,0.0009,-18.55,0.7424,7.76,13,0.9292,3.06,3,three_speakers,account_holder,true,unknown,1420000.0,,unemployment_income_loss,firm_promise,7,True,firm,650000.0,17 de julio,full,true,true,False,3,True,2,1,agent,0,0,0,,277.053,151.262,41.142,0.7862,29.257,23,4.981,21.814,4.275,58.776,3,0.548,1.735,0.54,False,0.321,6,40.495,0.4331,0.2166,3.93,2.16,0.8663,177.7,154.59,7.577,17.803,17.803,95.023,agent,CLIENT,0,0,0,True,0,False,true,true,false,true,true,true,false,false,true,true,70.0,na,4,4,4,,5,5,6.076,8.097,6.26,-0.6157,0.5375,0.1317,-0.4058,-0.5734,4,4,0.7675,0.0,0.7792,human
C095,ai,83.4,40.74,0.0007,-16.5,0.7867,12.31,13,0.9361,2.89,2,,account_holder,false,unknown,7200000.0,,not_stated,no_agreement,3,False,na,,,,na,na,False,,True,2,0,agent,1,0,0,0.0,83.22,0.0,0.0,,18.533,1,0.721,,,,0,,,,False,,0,0.0,0.0,0.0,0.0,,0.0,,,,0.0,0.0,,cut_unclear,UNKNOWN,0,0,0,False,0,False,true,true,false,false,true,false,false,false,na,false,33.33,na,3,2,3,2,2,3,,,,,,,,,0,0,,,,ai
C096,human,626.2,13.87,0.0004,-18.84,0.902,7.1,8,0.9069,4.75,3,agent_spoke_first;three_speakers,account_holder,false,payroll_loan,47113426.0,,unemployment_income_loss,firm_promise,7,True,firm,320000.0,20 de agosto,partial,true,true,False,3,True,3,2,agent,4,3,1,75.0,609.907,301.998,236.571,0.5607,12.414,25,2.4594,32.24,22.536,97.436,4,1.03,2.548,1.637,True,,1,9.703,0.2951,0.1968,15.622,10.243,0.6886,185.17,190.22,,0.0,99.489,433.125,agent,UNKNOWN,0,0,0,False,0,True,true,true,false,false,true,true,false,true,true,false,60.0,na,3,5,5,5,4,4,8.731,6.04,5.853,-0.5586,-0.7067,0.2346,0.9413,-0.9505,5,1,0.7473,3.969,0.7433,human
C097,human,299.5,15.77,0.0014,-18.11,0.8548,7.77,11,0.8867,6.59,2,diar_corrected,account_holder,false,unknown,2978790.0,,other,no_agreement,3,False,na,,,,na,na,False,,True,1,0,agent,1,0,0,0.0,289.49,175.135,66.774,0.724,18.26,21,4.3525,20.231,8.002,60.007,2,1.24,1.958,0.609,False,0.877,0,0.0,0.6218,0.829,11.631,1.519,1.4508,189.8,170.73,,7.239,48.718,,agent,CLIENT,0,0,0,True,0,False,true,true,false,false,true,false,false,false,na,false,33.33,na,3,3,3,3,3,4,6.66,7.289,6.265,-1.1273,0.1681,0.4916,0.3235,-0.3198,1,0,0.7404,4.771,0.6171,human
C098,human,283.16,7.58,0.0,-21.53,0.8232,15.43,17,0.9029,4.31,3,agent_spoke_first;low_snr;three_speakers,account_holder,false,unknown,1220000.0,88000.0,forgot,firm_promise,7,True,firm,88000.0,15 de agosto,full,true,true,False,3,True,1,0,agent,2,2,0,100.0,270.034,143.911,66.494,0.684,18.358,30,6.6658,11.629,6.016,28.182,0,0.81,1.373,0.996,True,,1,3.544,0.2222,0.4444,2.541,8.884,0.2222,170.11,218.37,,0.0,88.831,98.466,agent,CLIENT,0,0,0,True,0,False,true,false,false,false,true,true,true,true,true,true,70.0,na,4,3,4,4,5,4,9.027,5.2,6.95,0.0536,-0.2553,0.1329,0.3882,-0.7954,4,0,0.725,1.662,0.7766,human
C099,ai,313.66,14.72,0.0,-20.47,0.7439,19.43,29,0.9391,3.04,2,agent_spoke_first;diar_corrected;hallucination_removed,account_holder,false,unknown,93850000.0,,unemployment_income_loss,vague_promise,6,True,vague,2500000.0,,,false,true,False,1,True,3,1,agent,1,1,0,100.0,310.99,171.176,37.661,0.8197,29.972,19,3.6657,22.855,4.873,39.116,4,2.127,6.18,1.519,True,,6,32.806,0.1929,0.0,4.663,,0.5788,201.55,132.23,,0.0,100.45,240.445,cut_unclear,AGENT,0,0,0,True,0,False,true,true,false,false,true,true,false,false,true,false,50.0,na,3,3,2,3,3,3,8.422,14.343,4.714,-0.1502,0.3212,-0.1257,-0.4469,-0.8628,9,1,0.8339,0.0,0.7012,ai
C100,ai,472.48,20.61,0.0003,-18.87,0.7463,14.44,17,0.9488,2.13,2,diar_corrected,account_holder,true,unknown,12470000.0,,illness_calamity;unemployment_income_loss,no_agreement,3,False,na,,,,na,na,False,,True,3,1,agent,2,0,0,0.0,469.716,151.51,150.734,0.5013,33.88,22,2.8102,18.709,19.906,51.064,3,3.021,4.793,1.417,False,1.704,7,30.118,0.0,0.0,1.215,,0.5109,207.12,146.48,6.362,6.362,62.134,,agent,AGENT,2,0,2,True,0,False,true,true,false,true,true,true,false,true,na,false,66.67,na,3,3,3,2,2,4,8.176,8.408,5.769,-0.1965,-0.264,-0.3655,-0.1015,-0.9512,16,3,0.828,0.0,0.7251,ai
