call_id,group,objection_idx,turn_id,time_s,type,agent_technique,response_turn_id,resolved
C002,ai,1,T021,270.625,wants_discount,clarification,T022,partial
C002,ai,2,T023,289.356,no_money,ignores_repeats_script,T024,partial
C003,human,1,T005,29.573,no_money,reschedule,T006,yes
C003,human,2,T009,64.015,no_money,reschedule,T012,yes
C004,human,1,T006,55.451,no_money,alternative_offer,T007,yes
C004,human,2,T020,205.571,distrust_who_is_calling,clarification,T021,yes
C004,human,3,T026,247.387,distrust_who_is_calling,clarification,T027,yes
C007,ai,1,T006,94.028,no_money,clarification,T007,partial
C007,ai,2,T012,143.624,no_money,ignores_repeats_script,T013,no
C008,human,1,T007,35.944,call_later,ignores_repeats_script,T008,yes
C008,human,2,T011,65.981,other,clarification,T012,yes
C009,human,1,T002,36.146,doesnt_recognize_debt,ignores_repeats_script,,no
C010,human,1,T002,25.99,no_money,consequences,T003,no
C013,human,1,T004,57.248,no_money,clarification,T005,partial
C013,human,2,T008,126.217,distrust_who_is_calling,clarification,T009,partial
C014,human,1,T004,19.066,distrust_who_is_calling,clarification,T005,yes
C016,human,1,T008,28.797,already_paid,clarification,T009,yes
C017,human,1,T003,32.009,no_money,reschedule,T006,partial
C018,ai,1,T013,68.597,call_later,clarification,T014,yes
C019,human,1,T011,88.243,call_later,reschedule,T012,yes
C020,human,1,T003,19.59,other,reschedule,T004,yes
C021,ai,1,T004,83.548,no_money,reschedule,T005,no
C023,human,1,T005,46.503,no_money,reschedule,T006,yes
C024,ai,1,T001,0.0,distrust_who_is_calling,clarification,T001,yes
C025,ai,1,T005,46.946,doesnt_recognize_debt,clarification,T006,no
C026,ai,1,T005,81.826,no_money,alternative_offer,T006,partial
C026,ai,2,T009,169.053,no_money,ignores_repeats_script,T012,partial
C026,ai,3,T015,249.21,wrong_amount,alternative_offer,T016,yes
C027,human,1,T006,46.231,no_money,ignores_repeats_script,T007,partial
C027,human,2,T012,79.66,no_money,reschedule,T013,yes
C029,ai,1,T013,133.161,wrong_amount,ignores_repeats_script,T014,no
C029,ai,2,T019,296.983,wants_discount,ignores_repeats_script,T020,partial
C030,ai,1,T009,26.747,distrust_who_is_calling,ignores_repeats_script,T010,partial
C031,human,1,T006,43.554,call_later,ignores_repeats_script,T007,yes
C033,human,1,T005,14.175,other,clarification,T006,yes
C037,ai,1,T012,116.809,wrong_amount,empathy_validation,T013,partial
C037,ai,2,T020,261.411,other,empathy_validation,T021,no
C038,human,1,T004,38.678,wrong_amount,clarification,T005,no
C038,human,2,T026,216.051,other,clarification,T027,no
C038,human,3,T038,335.374,wrong_amount,escalates,T039,partial
C040,ai,1,T005,28.94,doesnt_recognize_debt,clarification,T006,partial
C040,ai,2,T021,245.615,no_money,ignores_repeats_script,T022,partial
C043,ai,1,T009,79.11,no_money,alternative_offer,T010,partial
C043,ai,2,T013,147.47,no_money,ignores_repeats_script,T014,partial
C044,human,1,T003,32.417,no_money,reschedule,T004,yes
C045,ai,1,T004,56.396,call_later,ignores_repeats_script,T005,no
C047,human,1,T004,24.857,other,alternative_offer,T005,yes
C047,human,2,T008,75.988,no_money,alternative_offer,T011,yes
C048,ai,1,T023,268.178,distrust_who_is_calling,clarification,T024,yes
C049,human,1,T021,219.618,no_money,alternative_offer,T022,no
C049,human,2,T025,330.115,no_money,consequences,T026,partial
C050,human,1,T006,88.789,no_money,alternative_offer,T007,no
C052,ai,1,T007,64.879,call_later,ignores_repeats_script,T008,partial
C052,ai,2,T015,189.197,no_money,reschedule,T018,yes
C053,ai,1,T006,56.751,doesnt_recognize_debt,empathy_validation,T007,no
C054,ai,1,T012,121.527,no_money,empathy_validation,T013,no
C054,ai,2,T018,242.808,no_money,empathy_validation,T019,no
C056,human,1,T003,18.563,other,clarification,T004,partial
C056,human,2,T013,133.144,wants_discount,clarification,T014,yes
C056,human,3,T035,506.503,no_money,alternative_offer,T036,yes
C057,human,1,T007,38.423,no_money,alternative_offer,T008,partial
C058,human,1,T009,80.282,no_money,reschedule,T018,partial
C060,human,1,T005,39.403,other,clarification,T006,yes
C065,ai,1,T006,79.414,no_money,clarification,T007,yes
C065,ai,2,T024,247.372,distrust_who_is_calling,ignores_repeats_script,T025,no
C066,human,1,T008,55.791,wants_discount,clarification,T008,yes
C067,ai,1,T004,79.751,no_money,alternative_offer,T005,no
C070,ai,1,T004,72.563,no_money,empathy_validation,T007,no
C070,ai,2,T026,419.783,wants_discount,ignores_repeats_script,T027,no
C070,ai,3,T030,469.784,call_later,reschedule,T031,yes
C071,human,1,T019,182.74,other,alternative_offer,T020,partial
C073,ai,1,T010,107.561,no_money,reschedule,T011,yes
C074,human,1,T005,22.663,other,clarification,T006,partial
C076,human,1,T006,46.414,other,ignores_repeats_script,T007,no
C077,ai,1,T016,97.554,other,empathy_validation,T017,yes
C077,ai,2,T032,267.941,no_money,ignores_repeats_script,T039,yes
C078,human,1,T013,68.654,other,clarification,T014,yes
C079,ai,1,T009,70.622,doesnt_recognize_debt,ignores_repeats_script,T010,no
C082,ai,1,T013,85.86,asks_for_human,ignores_repeats_script,T014,partial
C082,ai,2,T027,216.978,distrust_who_is_calling,clarification,T028,no
C083,human,1,T004,43.225,distrust_who_is_calling,clarification,T005,yes
C086,human,1,T003,13.146,no_money,reschedule,T010,yes
C088,human,1,T008,86.928,no_money,alternative_offer,T009,partial
C088,human,2,T014,137.063,no_money,alternative_offer,T015,yes
C091,human,1,T003,15.12,call_later,reschedule,T004,yes
C092,human,1,T002,31.71,no_money,reschedule,T003,yes
C095,ai,1,T001,0.0,no_money,alternative_offer,T001,no
C096,human,1,T002,64.305,annoyed_by_calls,empathy_validation,T005,partial
C096,human,2,T006,199.71,no_money,alternative_offer,T007,yes
C096,human,3,T014,411.508,distrust_who_is_calling,clarification,T015,yes
C096,human,4,T018,510.412,no_money,reschedule,T019,yes
C097,human,1,T007,109.097,other,clarification,T008,no
C098,human,1,T002,15.104,call_later,ignores_repeats_script,T003,yes
C098,human,2,T010,71.686,no_money,consequences,T011,yes
C099,ai,1,T008,137.66,no_money,alternative_offer,T009,yes
C100,ai,1,T005,87.396,no_money,empathy_validation,T006,no
C100,ai,2,T019,324.591,no_money,empathy_validation,T020,no
