call_id,objection_idx,texto_objecion,texto_respuesta,sentimiento_antes,sentimiento_despues,latencia_respuesta_s
C002,1,"Ah, pues ahora que dijeron que 400 no hay qué, ahora ya que después que 500 no hay qué, ahora que, déjenme una propuesta de esas que habían dicho antes y ya.",¿No entiendo su propuesta?,-0.4919,0.0117,3.677
C002,2,"¿Sabe qué? En el momento tengo 300 mil pesos, usted verá si los cogen o qué. lo",entiendo perfectamente sin embargo el mínimo que podemos aceptar para este acuerdo es de 630 mil pesos en total 300 mil pesos pero,0.0117,-0.0111,3.908
C003,1,"no, es que no no alcance a reunir todo el dinero",y para cuándo podría revisar el pago para dar cumplimiento al acuerdo,-0.5513,0.0066,0.649
C003,2,ahorita no tengo no tengo nada la verdad no tengo nada entonces estoy esperando a fin de mes porque tengo un problema también y entonces,"entendemos la situación señor pero seguro se cancela para el día 30 de agosto para correr la fecha para el día 30 de agosto si,",-0.7483,0.302,0.608
C004,1,"no, porque ahorita no tengo, tengo que esperar después de fin de mes si me cae plata para ir sin mirar es decir ok","¿Tú vas a empezar plan de abonos por un no con un valor en específico? Sí, es para validar en el sistema porque acá en el sistema te aparecen dos pagos cada uno de 400 mil pesos. Entonces, pues, si de pronto no cuentas con el dinero, vas a empezar a incumplir la fecha de pago. Entonces, no sé si de pronto te puedo ofertar un plan de pagos donde la cuota quede como un poquito más baja para que lo puedas cancelar.",-0.1415,0.0028,0.0
C004,2,"Ah, bueno, es seguro. ¿Señora? ¿Es seguro?","Sí, sí, señora. Ahí con el número de convenio te dicen Luxury, que es la compañía nueva dueña de la cartera. Entonces ahí te va a aparecer un convenio llamado Luxury y ahí te dicen que es... Y ahí ya con tu número de cédula aparece.",0.0668,-0.0511,0.455
C004,3,"Ah, bueno. ¿Y eso dónde queda? ¿La compañía o la cartera de...?",En este momento queda en la ciudad donde nosotros estamos operando vía llamada. Ya si tú quieres investigar todo el tema de la compañía y demás te puedo enviar el soporte lo puedes verificar que es el registro empresarial único ahí puedes validar la matrícula que esté activa y pues toda nuestra razón social también nuestros números de contacto,-0.2057,0.1847,2.346
C007,1,Que no tenga el dinero No,le entiendo bien. ¿Me puede explicar un poco más?,-0.3697,-0.6284,2.531
C007,2,"No, no, porque no me alcanza.",La propuesta en cuotas está diseñada precisamente para que sea más cómodo. ¿Me da un momento para contarle cómo quedaría cada cuota?,-0.748,,4.472
C008,1,ya estoy aquí en el cuarto frío entonces no no lo escucho muy bien ya cuando salga ya,entiendo que se encuentre en el cuarto frío pero estamos validando si usted realizó el pago según compromiso de pago para el día 25 de julio,0.0067,-0.0197,1.857
C008,2,"No, es que, o sea, ustedes me dijeron que me iban a enviar, porque pues, la verdad, me colgaron, no me colgaron, sino digamos que me iban a escribir por, ¿por qué? A ver, ¿dónde estoy? No sé a dónde estoy.","A su correo electrónico fue enviado el acuerdo de pago, no sé si usted lo recibió vía correo electrónico.",-0.7515,-0.1198,1.805
C009,1,"venga, le digo hermanito Yo no voy a pagar esa deuda, hermano Porque a mí no me han dado ningún celular, ni nada Lo único que fue que firmé, eso fue lo único Eso ya, eso lo tiene un abogado No sé qué va a hacer con eso Pero hermano, yo cómo voy a pagar algo Si no me han dado plata, no me han dado nada, hermano O sea, yo no sé A dónde me están cobrando, hermano Porque firmé, eso fue lo único malo que firme la entrega fue para el 23 de abril de la",,-0.8683,,
C010,1,"No, mi reina, pues la verdad es que en estos momentos estoy pasando por una situación Pues delicada de salud con mi mamá Ah, pues yo te había dicho el otro día En estos momentos estoy en... Entonces, pues nos tocó viajar Entonces, pues por tal motivo, pues No tengo cómo solucionar en estos momentos ese... este ese pago porque la verdad pues no no me da",no no podría realizar el pago en ninguna circunstancia pues entre hoy y el lunes,-0.8955,-0.6434,1.502
C013,1,"es que ahorita estoy más apretado y con este cuento, este terremoto y la verdad, yo quisiera pagarles a ustedes, pero ay, Dios mío, todo se me dificulta. Imagínense que la semana pasada me llamaron de lo mismo. Es que eso es lo que yo me da hasta rabia. Me llamaron de lo mismo. Entonces yo dije, bueno, yo me voy a acercar para ver qué puedo hacer. Usted llega y me dice, no, es que ya usted le deja una entidad y es que no me acuerdo qué entidad. entonces uno queda como loco, eso no entiendo eso es como que mejor yo me me presento y mirar qué es, qué es lo que es, porque uno esta llamadita no me cuadra, la verdad Listo, entonces en","el área del asesor el asesor comercial le va a indicar o el asesor de cuenta, posiblemente le va a indicar que su cuenta fue vendida actualmente es el nuevo creador de la cuenta y ya va a dirigir nuevamente para que haga la negociación de la obligación ¿Listo? Sí,",-0.9319,-0.8054,0.181
C013,2,"No, pero mira lo que me dijo otro señor. Ya tú no tienes nada que ver con...","No, actualmente ya no. Actualmente, o sea, el acreedor original, si usted gusta, se puede acercar a reiterar y verificar la información que se le ha venido otorgando. en las últimas gestiones y pues ellos ya igualmente ya usted negociar no lo van a aceptar la negociación, ya directamente lo van a remitir al nuevo acreedor las carteras actuales",-0.1277,-0.2497,0.27
C014,1,"Por eso, ¿pero de qué me van a pedir la información o qué?","No, no, no, yo no le voy a pedir información, le voy a dar una información.",-0.4994,0.2052,0.389
C016,1,"No, no sé por qué me están llamando eso si la vez pasada me llamaron hace como un mes, yo ya hice la cancelación en totalidad del acuerdo de pago es un acuerdo de pago por dos cuotas yo ya cancelé las dos cuotas el mismo día y la misma fecha Entiendo señor",Mauricio ¿Usted algún whatsapp reportó el pago?,-0.3648,-0.1211,0.0
C017,1,"Eh, sí, ya queda para el veinticinco, pero la verdad no, no, no pude cuadrarlo hasta aquí de mañana. Sí, señor. Pues, si yo puedo, lo hago mañana, si no, la otra semana que viene. ¿Me escuchaste?",¿Para qué día realizaría el pago?,0.0417,-0.0585,1.671
C018,1,"¿Aló? ¿Yo no vengo acá ya? Sí, aquí estoy Le comento que con el descuento del 1 % de toda la deuda, si llega a la tienda, hable más rápido que estoy ocupado.",Entendido. ¿Me permite presentarle la propuesta de acuerdo entonces?,-0.0343,0.0679,
C019,1,¿Podrían llamar más tardecito para poder comunicarme bien con usted?,"Comprendo, no me podría comunicar dentro de una hora.",0.0143,-0.0169,1.839
C020,1,"Sí, señora, lo que pasa es que no, no, no pude hacer el pago porque se me presentó una calamidad, entonces no pude.",Entonces en este caso ¿Cuándo realizaríamos el pago?,-0.9206,-0.1763,0.0
C021,1,Porque no cuento con el dinero.,"Entiendo perfectamente, señor. La propuesta contempla el pago en una sola cuota. Pero quisiera saber si en algún momento del mes podría contar con los recursos para ponerse al día y evitar un proceso legal.",-0.4558,-0.1492,1.653
C023,1,"Póngame cuidado, póngame cuidado. Yo no he realizado ningún pago porque el señor que me llamó que día no se dejó hablar y yo pensé que era que el primer pago lo podía hacer el 20 del otro mes y entonces ya cuando le voy a decir él me colgó y porque para este día no tengo la plata, pero para el 20 del otro mes ya puedo comenzar a pagar el primer pago. Ok, el señor no se dejó hablar, se dio una notifica cargada y no se va a hablar nada.","Sí, señor. Entonces ya voy a notificar a la descargada. Le agradezco mucho. Y",-0.6717,-0.2151,1.688
C024,1,"Aló, muy buenos días. Buenos días. Buenas, por favor. Estamos llamando por motivo de un proceso legal en curso. Por confidencialidad, necesito que, por favor, me valide si eso es. ¿Por qué? Es por confidencialidad de la información financiera. Solo puedo proporcionarle detalles si confirmo que hablo directamente con usted. Es usted. Sí, cuéntenme. Le hablamos del área de embargos, judicializaciones y alivios financieros. Le llamo por su obligación. ¿Cómo me levanto? ¿Con qué? Permítame atender sus dudas. ¿Me escucha, Mamian? Sigue ahí.","Aló, muy buenos días. Buenos días. Buenas, por favor. Estamos llamando por motivo de un proceso legal en curso. Por confidencialidad, necesito que, por favor, me valide si eso es. ¿Por qué? Es por confidencialidad de la información financiera. Solo puedo proporcionarle detalles si confirmo que hablo directamente con usted. Es usted. Sí, cuéntenme. Le hablamos del área de embargos, judicializaciones y alivios financieros. Le llamo por su obligación. ¿Cómo me levanto? ¿Con qué? Permítame atender sus dudas. ¿Me escucha, Mamian? Sigue ahí.",,,
C025,1,Es que no sé de qué obligación me está hablando.,"Claro, permítame atender sus dudas. Señor, se trata de su obligación que Trozan Services adquirió. Esta deuda se originó el 27 de diciembre de 2017 por $8 .500 .000. Actualmente lleva 459 días en mora y el saldo total es de $14 .010 .000. ¿Pero de qué me habla?",-0.8137,-0.8603,1.215
C026,1,"Que no me parece muy alto porque no tengo toda esa cantidad. pues o sea para sacarla así cuatro millones de una no puedo sería ese, o sea tocaría pagarlo por cuotas o yo qué sé tocaría en cuotas, pero ustedes me cogen y me dicen no es que toca pagar ya cuatro millones, no, yo no puedo sacar cuatro millones así de la noche a la mañana yo la vez pasada le hice dos acuerdos de pago dos millones en uno y ya para la segunda acuerda me quedé porque no tuve He tenido la intención, pero no he podido. Para el segundo acuerdo de pago volví, hice otro acuerdo y pagué otros dos millones y volví, me quedé porque siempre me quedé para la segunda cuota. Y pues no, la verdad no puedo hacer otro acuerdo de pago. Tocaría dejarlo en cuotas al menos más bajas. Y si no volví, me pasa lo mismo. lo","entiendo perfectamente y le agradezco su honestidad precisamente por eso tenemos la opción de dividirlo en dos cuotas de 2 millones 180 mil pesos cada una, para hacerlo más manejable, ¿le parece que podemos trabajar con esa opción?",-0.6549,-0.2526,4.0
C026,2,"no, está muy encima para pagarla ahorita de... porque eso sería pasado mañana, pasado mañana el viernes, no, tendría que ser más adelante, por ahí para el 15 de agosto para la quincena, aló, aló, aló, aló sí,","queda muy corto, sin embargo, la primera cuota debe quedar dentro de este mes, a más tardar podría comprometerse con el 31 de julio para la primera cuota",-0.087,0.1084,0.389
C026,3,"Lo que pasa es que yo antes les debía, me habían hecho dos propuestas de cuatro millones, dos cuotas de dos millones algo y no entiendo por qué ahora me dicen que cuatro millones y la despasa les iba a pagar cinco millones porque fueron dos cuotas de dos millones quinientos y ahorita volvió a subir, entonces me parece como que no. Yo sé que estoy colgado en todo ese tema, pero no, pues para salir de una vez, o me pueden dejar dos, tres cuotas de $1 .500 .000 y de una vez salimos de eso.","Le entiendo perfectamente. Lamentablemente la propuesta que tenemos aprobada no me permite ajustar los valores por debajo de lo que ya le presenté. Las únicas opciones disponibles son las que el sistema ya le ofreció. Podría comprometerse con alguna fecha dentro de la primera cuota, aunque sea el 31, que estas opciones no le sirvan. Pero tranquilo, puedo proponerle otra cosa. Le puedo ofrecer un acuerdo de largo plazo. No habría descuento, pero usted puede poner el valor de la cuota. Con esto se para cualquier proceso legal y sobre todo la llamadera. Para dejar registro, ¿cuánto sería lo máximo que podría pagar mes a mes que se acomode a su presupuesto?",-0.7562,-0.479,6.585
C027,1,Porque no pude conseguir la plata porque estoy desempleado en el momento.,"Señor, pero esta es la oportunidad de que usted quede al día con su obligación. Ya son 60 mil pesos y ya quedaría a paz y salvo. 60 mil pesos.",-0.9362,0.372,1.434
C027,2,así como le digo que estoy desempleado no es que me quede difícil,comprendemos pero usted ya le aplicó un descuento sobre el valor de su deuda y con solo 60 mil pesos quedaría el día ¿para cuándo usted podría realizar este pago para no que no pierda los beneficios?,-0.3434,-0.0478,
C029,1,muy alta porque yo tampoco debo toda esa plata Entiendo Yo lo que debo son 1 .500 .000 y la muchacha me dijo que con el millón de pesos yo podía saldar y yo le dije bueno ¿qué tengo que hacer? Me dijo que tenía que mandar una carta pasando la propuesta de pago y esperando la respuesta sino que empecé a trabajar con una viajera que me cortó la comunicación y quedé pendiente que ella me regalara el correo y todo a donde yo podía mandar esa,"La entiendo y lamento la confusión con la llamada anterior, pero lo que sí le puedo decir es que hoy la propuesta aprobada en nuestro sistema es la que le presenté y no podemos ir por debajo de ese valor. está en modificarla. Le gustaría que la revisemos juntos para ver si podemos encontrar una forma de que le quede manejable.",-0.0898,-0.1974,3.543
C029,2,"No, no, yo porque me llaman y eso no, no, no, no tengo, no tengo pues problema por, por eso. Mientras que pueda contestar yo contesto, sino que sí, sí se me hace muy, muy elevado pues el valor en el cual pues están dejando la deuda, porque yo sé que se puede negociar un valor menos.","Entiendo, pero le soy honesto, el valor que le presenté es el mínimo que el sistema nos aprueba hoy, no está en mis manos bajarlo más. ¿Usted con cuánto podría comprometerse menos?",-0.125,-0.8117,2.683
C030,1,"Con Sintegru, ¿qué es eso?",Queremos ofrecerle un descuento del 26 % de toda la deuda. Con el descuento ya no debería 3 .460 .000 pesos sino solo 2 .560 .000 pesos Es una propuesta por tiempo limitado que vencería hoy mismo.,-0.2866,,1.586
C031,1,"Ahora porque estoy trabajando Si usted quiere me llama a la una Por favor, qué pena De","acuerdo Pero el correo está correcto ¿Cómo, cómo? Su correo está correcto Tengo registrado el correo jesuspallejo3112 arroba gmail punto com Sí,",-0.9509,-0.0258,0.557
C033,1,"Sí, pero nunca me llegó la la esta a mi WhatsApp. este",A mismo número. Acá estoy viendo.,-0.5892,-0.1077,
C037,1,"una entidad es lo único que hace es quitarle la plata a la gente y si me dieron un préstamo por 5 millones de pesos, ¿por qué voy a estar debiendo 14 millones? y entonces toda la plata que yo le he pagado a la entidad por esa sencilla razón no voy a pagar un peso más, embarguen hagan lo que quieran ¿si me entiendes? por esa sencilla razón porque yo no tengo la plata, yo no me la gano para regalarla a una entidad Le",entiendo perfectamente y su molestia es completamente válida.,-0.8987,-0.5719,5.147
C037,2,"no voy a seguir regalando plata a una entidad me da mucha pena, los propietarios son ricos y las empresas O sea, tienen muchísima plata. Y yo sí me toca tragar por un mínimo y ganarme la plata para poder arreglar una empresa. Entonces no voy a pagar un peso más. Es mi posición y ya. Si quiere busquen, embarguen, hagan lo que quieran, pero yo no... La verdad no le voy a pagar un peso más a eso. Ponerme en mi plática.",Le entiendo completamente.,-0.9066,0.5659,2.883
C038,1,"Quedé debiendo a 300, 320 mil pesos y ¿por qué va en todo eso?","Sí, señora. ¿A usted le pidieron algún documento en que le di valores acerca de esa mora?",-0.75,-0.8563,1.502
C038,2,"¿Pero cuál proceso señor, que si yo no quede viendo sino 320 mil pesos, ¿qué proceso le van a hacer a una persona por 320 mil pesos?","Sí señora, lo que sucede es que en su momento, para el año que usted inició la tarjeta eso fue el valor que usted en su saldo de acuerdo a sus cuentas sin embargo esto genera intereses genera gastos moratorios y demás con el transcurso de los días ¿sí señora? lastimosamente son las deudas que en nuestro país cuando uno adquiere un producto financiero ¿sí señora?",-0.8359,-0.958,0.18
C038,3,"pero muy terrible muy terrible porque son muy abusivos o sea, de verdad ¿Verdad? O sea, uno quiere pagar y todo, pero es que son muy abusivos. ¿Cómo van a cobrar por 300 mil pesos, 2 millones y pucho?","Señora, aquí me registra que la deuda del pago a capital de esa tarjeta era de 1 millón 697 mil pesos. sé si el presidente tenga algún extracto, algún documento donde diga que solamente debe ese valor.",-0.9766,-0.3293,1.654
C040,1,"Hoy le queremos brindar... Escúchame primero, le voy a hacer una pregunta. Dicen que yo saqué una tarjeta, pero yo no me acuerdo de yo haber sacado esa tarjeta.",Entiendo su duda. La deuda corresponde... Permítame atender sus dudas. La obligación se originó el 24 de octubre de 2021 por un monto inicial de $1 .330 .000.,-0.0233,-0.914,2.295
C040,2,"después de 30, porque 30 es que yo cobro, 30. Ese es el gran problema que hay.",Entiendo. Me está diciendo que no puede comprometerse con los 2 .110 .000 pesos.,-0.4489,-0.0331,0.0
C043,1,"Mire todo lo que sea pues que sea un acuerdo para bien y sobre todo si beneficia sería bienvenido pero lo que pasa es que en este momento yo le digo a usted que sí, yo no tengo esa plata entonces si una persona seria y coherente no se va a poner a engañar a otra persona ya o por salir del paso ni nada de eso ya Ya, díganme, ¿cómo puedo yo irles abonando? Y yo me comprometo, pero esa plata yo no la tengo porque yo no tengo en este momento un trabajo estable.","Señor Pino, le agradezco la honestidad. Eso habla muy bien de usted. Precisamente para eso tenemos la opción de pagarlo en dos cuotas. ¿Le explico cómo funcionaría?",-0.1306,0.0454,3.375
C043,2,"pero es que vuelvo y le digo es decir deme un abono razonable ¿no es cierto? razonable, porque pues si yo le doy un millón, pues yo sostengo dos casas mi mamá y una mujer que tiene 92 años y está en estos momentos está ciega por un trauma que recibió en la cabeza y mi casa entonces por eso le digo yo toda esa plata no la tengo Yo sí quiero, no es cierto, yo no pretendo jamás en un momento eludir la deuda ni nada de eso, pero lo que yo me gano no me da para todo eso. Dígame una cuota moderada que yo le pueda decirle sí, me comprometo y tal día le hago el primer abono, pero una cuota que sea moderada, que sean mis posibilidades.","Señor Pino, entiendo perfectamente su situación y le agradezco su transparencia. Lamentablemente, las dos cuotas que le presenté son la única opción disponible y aprobada que tenemos para usted hoy. Señor Pino, entiendo. Sin embargo, con este descuento del 12 por ciento, su deuda a sólo 2 millones 500 mil pesos y puede pagarla hasta en dos cuotas. Señor Pino, es el mejor descuento que creo podría conseguir sobre esta deuda. Desea reconsiderarlo. Por favor, indíqueme con un sí o no.",-0.2294,0.0953,3.172
C044,1,No he podido levantar esos doscientos sesenta mil pesos.,"Comprendo, señor. ¿Para cuándo se realizaría el pago para que no pierda los beneficios?",-0.7857,-0.0453,
C045,1,"No, señorita, no tengo tiempo.","Gracias por confirmarlo. Como ya lo han hecho muchos clientes en su misma situación, regularizar esta obligación hoy es más sencillo de lo que parece. Por este motivo queremos poder ofrecerle alternativas para ponerse al día con su deuda. ¿Le interesa? Entiendo que esta situación no sea agradable. Lo entiendo, y es más, precisamente por eso la llamamos. Porque tenemos una propuesta con un descuento importante para que pueda resolver esto de la manera más cómoda posible. Le doy los detalles.",-0.3826,,4.843
C047,1,"No, mi amor, no me sirvió ese acuerdo de pago.","¿Por qué, señor Más? Usted llegó a un acuerdo de un pago único de siete millones cuatrocientos diez mil para que salvo pero tengo los siete millones de pesos comprendo señor más ya que sea un acuerdo a largo plazo para pagar a cuotas para que le quede facilidad de pago y",-0.6765,-0.0474,0.878
C047,2,"No, no me da porque yo en este momento estoy desempleado.","señor Masi ¿cuánto se podría usted comprometer a pagar mes a mes, lo podríamos validar con comité? sí, sí señor, ¿cuánto se puede comprometer a pagar usted mes a mes y lo podríamos validar con comité? para mal como",-0.682,-0.1099,2.11
C048,1,"Digamos, este acuerdo se enviaría por mediante correo, whatsapp. ¿Cómo me puedo cerciorar yo que sí me están llamando del banco?","Señor Fry, entiendo su preocupación. Le comento que soy un asistente virtual automatizado de Factorin, que es la empresa que maneja su cartera. El acuerdo se documenta directamente en nuestro sistema cuando usted confirma los términos, como acabamos de hacer. Para cualquier consulta sobre el acuerdo puede comunicarse directamente con nosotros. ¿Tiene alguna otra pregunta sobre el proceso de pago? Perfecto, señor Fry. Su acuerdo está confirmado entonces. Entonces, muchas gracias por su tiempo y que tenga un excelente día.",-0.2036,,2.211
C049,1,Entonces me queda muy difícil.,"Aproximadamente en 418 .500, aproximadamente, si se le difiere a dos cuotas. Como la alternativa en la que yo le puedo colaborar o la que el comité ya me dejó fue establecida para su crédito.",-0.8492,-0.717,0.0
C049,2,"me queda muy complicado ya pagar ese valor. La verdad es que estoy solucionando con todo el mundo, que no es la única entidad con la que estoy en estos momentos con un compromiso tan...","en este tema y en vez de ir disminuyendo la obligación va a ir incrementando el momento que se vaya a presentar una propuesta de pago por lo que si usted detectó un incumplimiento pues ya no le va a habilitar las mismas opciones de pago, ya va a ir sobre el saldo total y se lo va a dividir esa cuota es la realidad pues igual ya",-0.9511,-0.1591,
C050,1,"No, pero yo en este momento no tengo para pagar todo eso.",Comprendo ¿Cuál sería frente a su capacidad de pago? ¿Para qué? ¿Para validar una opción de pago diferida a cuotas?,-0.4779,-0.4646,1.097
C052,1,Listo. Se demora mucho porque la verdad es que estoy aquí ya a punto de salir.,Entiendo que tiene prisa. Sí.,0.2053,0.0295,0.726
C052,2,"No, hoy mismo no. No, no se ponga eso, póngale los otros zapatos, que con eso se desenreda. ¿Lo escucha?","Entiendo, señor. La primera cuota no tiene que ser hoy, puede ser hasta el 5 de junio, es decir, pasado mañana. ¿Usted podría comprometerse a pagar la...",-0.079,-0.8008,
C053,1,plata no les debo. No recuerdo de él es plata.,Entiendo señor Osorno.,-0.1826,,3.561
C054,1,"Desempleo. Esa es mi situación, desempleo. Por eso, en este momento no me puedo acoger a ningún beneficio. Hoy en día no lo puedo hacer.","Lamento mucho su situación, señor. Entiendo que es un momento muy difícil. O",-0.9427,-0.4311,3.358
C054,2,"Te repito, hasta que yo no tenga un empleo con un salario fijo, no me puedo en este momento comprometer con una cuota mensual porque no tengo ingresos fijos.","Veo que dada la situación, hoy no se puede comprometer a un acuerdo, ¿correcto? Bueno, veo que no hemos podido aún llegar a un acuerdo, Pero entiendo que de todos modos a usted le interesa que solucionemos esto, ¿correcto? Podemos sacarlo de centrales, darle un PAS y salvo anticipado, entre otras cosas. Dígame algo, ¿qué lo motivaría a usted a llegar a un acuerdo de pago? ¿O qué podríamos hacer desde Reconectemos para solucionar esto juntos?",-0.7042,-0.9392,1.957
C056,1,"Esto señorita es que ustedes me llaman y me dicen y yo me quedo esperando a donde tengo que ir a hacer el pago, me dicen que me lo envían y nunca me llega nada",Es decir que el acuerdo que se gestionó no les llegó a su correo electrónico No,-0.9171,-0.8654,0.596
C056,2,"Sí, señora. Vení, a mí no me hacen más rebajas.","Pues, ¿qué pasa? Como ese valor ya se pasó como tal directamente a comité. Ese es el valor que ya está aprobado y preaprobado desde el mes de julio. De hecho, el acuerdo está desde el 31 de julio y se le ha sostenido hasta el mes de agosto, hasta el día de mañana, 15 de agosto, ese comité que se aprobó. Eso pasa por gerencia. Entonces, por esa razón se le ha sostenido la misma alternativa de pago de los 350 .000 pesos.",-0.0803,-0.212,2.7
C056,3,no porque o sea no está seguro por eso le decía porque no estoy segura si los consiga pero entonces la otra cuota que había para cuando si queda dos cuotas,"Permítame, ya le he valido la información La misma fecha, el 15 de septiembre Pero bueno, listo, si usted logra conseguir El valor No, sí, sí me sirve Sí me sirve así ¿Le sirve mejor así? Sí, sí señora Vamos a gestionar el proceso para nuevamente reactivar el acuerdo ¿Listo? Bueno, entonces quedo muy atenta Ya le envío un mensaje de agua Para tener una comunicación más directa Y ya modifico acá en el sistema la fecha de pago para el 18 me solucionan como tal el envío del acuerdo, ¿listo?",-0.2511,0.4146,1.35
C057,1,"No, no, porque si ustedes quieren que yo les dé una sola cuota de no sé cuántos millones, 18 millones de pesos, ¿y dónde tengo yo para darles 18 millones de pesos en una sola cuota?","Entiendo, no tienen toda la capacidad. ¿Y no les gustaría de pronto que yo les ofrezca un descuento total y queríamos un acuerdo de pago así sea cuotas?",-0.7168,-0.0873,1.62
C058,1,"si señor, si no crees que es lo que pasa es que yo no estoy trabajando y he estado lo más enfermo estoy por aquí haciendo unos exámenes he estado muy enfermo entonces yo no he podido porque la hija mía es la que se encargaba para pagar eso",me puedo comunicar posteriormente y volvemos a hablar no se preocupen bueno,-0.9278,,
C060,1,"¿No le llegó en el correo o por WhatsApp? No, no me ha llegado nada.",listo señor entonces le recuerdo que en unos pocos minutos te voy a enviar entonces el acuerdo de pago formalizado que usted realizó por vía llamada exactamente el día 21 de julio a las 3 y 24 le recuerdo que es un acuerdo de pago formalizado por un valor de 4 millones 240 mil donde usted propuso cancelar 250 mil pagos mensuales desea de pronto alguna pregunta o tiene alguna cuestión que realizarme ¿tiene alguna duda sobre esto?,-0.4239,0.0152,1.502
C065,1,"Sí, amigo, pues me interesa. La verdad me interesa soldar eso, hermano, pero ahorita no puedo.",Entiendo perfectamente. Cuénteme qué es lo que le impide comprometerse en este momento.,-0.0331,-0.4788,2.076
C065,2,"¿A dónde quedan las oficinas aquí? Regáleme la dirección, hágame el favor.",Necesito su correo electrónico para enviarle los detalles del acuerdo. ¿Me puede proporcionar su dirección de correo?,-0.0889,,2.97
C066,1,"porque me están haciendo un descuento para que quede en 700 y algo y lo mismo en 3 cotas sino que se colgó y no pude volverme a comunicar pero lamentablemente digamos que esas opciones de descuento ya ahorita no se encuentran disponibles en nuestro sistema lo mínimo son los 977 .920 pesos que pues pagándolo serían tres cuotas de $326 ,000. Sumer, ¿se podría pagar esta cuota para cuándo? ¿Para el 25?","porque me están haciendo un descuento para que quede en 700 y algo y lo mismo en 3 cotas sino que se colgó y no pude volverme a comunicar pero lamentablemente digamos que esas opciones de descuento ya ahorita no se encuentran disponibles en nuestro sistema lo mínimo son los 977 .920 pesos que pues pagándolo serían tres cuotas de $326 ,000. Sumer, ¿se podría pagar esta cuota para cuándo? ¿Para el 25?",,0.2431,
C067,1,No tengo trabajo.,"De verdad, créame que le entiendo. Sé que no es fácil. Vea, como muestra de comprensión con la situación, puedo ayudarle con el máximo descuento que manejo que sería del 7 % de toda la deuda y le comento la propuesta completa con este descuento le puedo ahorrar 220 mil pesos así ya no debería 3 .160 .000",-0.8177,,2.92
C070,1,"Esto, venga, le digo, tengo que decir si hoy y de dónde la voy a sacar.","entiendo completamente y le agradezco su honestidad. Tiene toda la razón en que ha buscado la manera de solucionar esto. Y hoy precisamente estoy llamándole para darle esa oportunidad que no le han dado antes. La propuesta que tenemos para usted es una sola cuota de $13 .900 .000. ¿Hay alguna posibilidad de que pueda reunir ese valor antes del 30 de junio? Te entiendo. Sin embargo, con este descuento del 46%, su deuda a solo $13 .900 .000 y puede pagarla hasta en una cuota. Es el mejor descuento que creo podría conseguir sobre esta deuda. ¿Podrías considerarlo? Por favor, indíqueme con un sí o no.",0.1016,-0.6775,3.341
C070,2,"Hola, venga, ¿y usted no hace como hacen los otros bancos que reban a uno tanto? El","descuento que ya le ofrecimos es del 46%, que es el máximo que el sistema nos aprueba. No podemos ir más allá de eso. Entonces, ¿confirmamos el acuerdo de largo plazo en 500 mil pesos mensuales?",-0.6893,-0.4131,5.13
C070,3,"No, porque mejor no me llame Después yo le echo el lápiz A la cuestión Ya mañana","Claro, con gusto la llamo mañana ¿A qué hora le queda?",-0.0429,0.045,1.89
C071,1,"yo te pregunto por la deuda pero nosotros Yo pagué la mitad, consigné la mitad, y quedé un mes o 20 días consignando la otra mitad. No fui sacando alguna comida de ustedes. Y eso en un año. ¿Vosotros tienen también una semana? Cuando yo pagué. Bueno, creo que tengo una. Pero mire, ahora que no pueden aparecer, ya van a aparecer una o dos otras altísimas.","lastimosamente estas deudas financieras lo que sucede es que cuando se llegan acuerdos, por eso yo les digo a las personas cuando por ejemplo celebran un acuerdo conmigo por favor un estricto cumplimiento en el acuerdo para que no haya ningún tipo de incumplimiento y la deuda continúe creciendo, por eso digamos un ejemplo, yo lo que le puedo ofrecer en caso tal de que digamos, le voy a hacer una pregunta a los dos, en este caso dar esa deuda total de manera mensual a cuotas, ¿qué monto podrían ustedes realizar el pago mensual? Digamos, no me va a afectar, no me voy a comprometer con un millón de pesos porque no puedo, pero sí puedo tanto. Para que, cosa de que podamos congelar la deuda hasta ahí, dar el acuerdo y que ustedes digan si puedo o no puedo.",-0.5055,-0.604,1.434
C073,1,"¿Cuál es el problema? Le comento, es que a mí me pagan hasta el 5 O sea, yo a las 6 de la mañana ya tendría plata Los 5 y los 20 me pagan a mí",Entiendo su situación Déjeme ver qué puedo hacer Perfecto entonces Quedamos así El acuerdo es por 830 mil pesos en total Que pagará en 15 cuotas mensuales De 60 mil pesos cada una La primera cuota se paga el 5 de agosto de 2026 Y la siguiente es cada 5 de mes ¿Estamos de acuerdo señor Rodríguez? Me alegra que lleguemos a este acuerdo de pago Y que pueda aprovechar el descuento del 3 % Precisa de enviarle toda la información del acuerdo Y los canales de pago por correo y whatsapp,-0.3776,0.0236,3.645
C074,1,"El correo, si no, es que yo restauré todo lo del y necesitaría los medios de pago","comprendo, o sea solicitaría el correo es torresgoesjose arroba gmail .com si usted gusta se lo puede solicitar a través de pdf al área de documentación para que sea remitido a través de pdf y allí va a encontrar los medios de pago, recuerde que el agro tiene su plataforma para que usted pueda ingresar y generar su pago correspondiente",-0.0454,,
C076,1,no la verdad no porque ya me hicieron una propuesta mejor,comprendo que propuesta le hicieron y que quien lo llamó sin,0.0775,-0.1221,1.604
C077,1,"aló, hola, hola, sí ... Bueno, usted me iba a hacer una propuesta. ¿Qué propuesta especial me iba a hacer? Yo escucho. Porque es que yo con Credit Paraíso tuve un crédito correcto, pero Credit Paraíso me quedó mal a mí en la venta del producto. Nada que tengan que ver ustedes con tal como el producto. Por ejemplo, le compré el colchón y el colchón no me demoró seis meses. A los seis meses la empresa la quitan, desaparece por X o Y deuda, no sé qué habrá pasado. Pero el colchón me salió malísimo. Yo si estaba en el proceso de pago Pero al ver no una respuesta grata Por parte de la empresa Porque nunca me dieron soluciones Yo me quedé quieto Si no me responden Pero yo fui el que pequé Por no pagar la deuda Entonces yo en base a eso Bueno yo sé que está la deuda Y hay que cancelarla Pero es que a mí me quedaron mal Y a mí me tumbó la empresa Tras de que me dé un colchón malo Nunca me dio una garantía Por un colchón de casi dos millones Porque yo pagué un efectivo y financié uno me Lo","escucho perfectamente Pero si me escuchó lo que Si señor Madrid Si señor, lo escuché perfectamente Entiendo la molestia con el producto que adquirió Y lamento mucho esa experiencia Comprendo que fue una situación muy difícil para usted Sin embargo, la deuda sigue estando vigente Y por eso estamos llamando para ofrecerle una solución Me",-0.7019,-0.1862,3.792
C077,2,"¿Cuándo sería el pago de la primera cuota? Porque necesito saber para cuándo Porque eso a quemar ropa, pues no sé si las tengo ¿Cuándo sería el pago de la primera cuota?","Entiendo su solicitud. Pero la primera cuota debe ser a más tardar el 8 de julio, como le mencioné. ¿Puede confirmarme si está de acuerdo con esa fecha o necesitamos ajustar el acuerdo?",-0.7161,-0.6627,4.455
C078,1,"El día de hoy quizás no es posible porque en el cuarto me encuentro y se me hace imposible acceder hasta allá, pero mañana a las horas de la mañana yo creo que sí estaría acercándome a la oficina.","Comprendo, pero usted debe realizar el pago a través de la plataforma, no es necesario ir a la oficina.",-0.5877,0.2524,1.806
C079,1,"Esa deuda, ¿de qué deuda me estás hablando tú?","Permítame atender sus dudas, señoría.",-0.4367,,3.105
C082,1,"No, que me hable normal, porque parece que me estuviera hablando con un robot.","Entiendo perfectamente. Le confirmo que la deuda total actual es de 1 .560 .000 pesos. Hoy le queremos brindar una ayuda a través de una gran oportunidad y descuento, y evitar así un proceso legal muy costoso en tiempo y plata para usted y nosotros. Señora Carvajal, ¿me permite comentarle sobre la propuesta de pago que le tenemos? Sí,",-0.7395,0.0471,3.376
C082,2,"Yo voy a llamar directamente, porque es que no me es confiable su información. Señora","Carvajal, entiendo su precaución y está en todo su derecho de verificar. Esta llamada es directamente de... Somos nosotros los dueños de su...",-0.9351,0.6442,
C083,1,ah bueno si la segunda cuota es 7 es correcto yo como certifico que pena pues ser tan tan prevenido como certifico de que ustedes están en este tema de BBVA y que están tratando de crédito para que no haya una escapa o algo así,"claro que si señor Cristian si usted gusta usted se puede o remitir directamente Efectivamente, a BBVA, validar también en su correo electrónico. Ahí nosotros ya enviamos el documento de sesión. El documento de sesión, pues, especifica que nosotros somos actualmente los dueños de la cartera. O, pues, si a ustedes les gusta, pues, o llamar a BBVA o comunicarse con ellos y ellos le van a confirmar que Solucionaco es el dueño de la cartera. No habría ningún inconveniente si se me acerque a ese correo o validando, pues, por su correo ya el documento de sesión que le llegó previamente.",-0.7723,-0.1214,0.827
C086,1,"Bien, pues, pues, un poquito triste porque es que no, todavía no me dan plata, hermano. Dice Mercedes que es que le estamos mandando gallo y eso, pero no, no, se lo juro que no. Como le decía, como había estado sin trabajito y, y, pues, organicé ahí un algo, pero igual no me han pagado y me da pena con ustedes porque","lo importante es que tenga buena comunicación y me haga saber pues para yo colaborar si me entiendes si usted me hace saber yo pues ahí le colaboro porque si no, es que a mi la gente me está diciendo no Johan, el señor que el acuerdo entonces lo no, espere jefe, yo lo llamo a ver que me dice sí hágale falsado Entonces, este sábado, ¿cierto? De una.",-0.9399,0.2156,1.165
C088,1,"¿Está usted de acuerdo? No, no, no, no, no, me queda imposible para reunir ese monto, a las cuotas máximas que tenga. tenga.","Estas son las cotas máximas que no nos dejan dividir, señor. ¿Cuánto usted podría comprometerse a pagar mensualmente? No,",-0.2622,-0.0469,0.675
C088,2,"no, no. No, la verdad, no, no, no, no. No tengo capacidad para ese monto mensual, la verdad. ¿Para qué me comprometo para quedar mal?","Comprendo, señor. Voy a pasarlo por comité, señor. ¿Cómo me estaría comunicando nuevamente?",-0.8844,-0.2537,3.375
C091,1,"gracias, adiós. Hija, no sé si me puede llamar más tarde, ahorita estoy ocupado.","Perfecto, de igual manera le voy a dejar una notificación vía WhatsApp para poder tener, poder brindar la información a través de este medio.",-0.063,-0.0058,0.49
C092,1,"Lo que pasa es que en el Me enfermé y entonces todavía estoy así como enferma, entonces tuve que gastar en algunos medicamentos y eso fue lo que me pasó. Comprendo. ¿Cómo ha pensado solucionar el tema de la obligación pendiente? Pues yo estaba pensando, no, o sea, mi intención es realmente cancelar, pero no, no sé, ahorita no, o sea, ahorita prácticamente lo que me llegó me tocó gastarlo en mi salud y tengo algunas cositas también pendientes, no sé si me den otra tregua o algo así. Sí. Pues no, porque la verdad manejamos un","beneficio especial, se le hizo, pues digamos que en este caso un descuento y todo, pero pues la idea sería sí poderle ayudar, podría hacer el pago, si quiere yo le extiendo el plazo ahorita para el día 10 de julio, para este viernes. Sí. Sí, para el 10 de julio podría hacer el pago de los 400 mil pesos. Díganme ahora. Listo, su merced. Entonces, yo quedo atenta al envío del comprobante de pago. Yo le voy a escribir por WhatsApp para recordarle los medios de pago. Espero que, sin embargo, cualquier situación adversa que se le esté generando, pues usted se mejore y se solucione. Sí,",-0.807,0.8782,0.0
C095,1,"¿Aló? ¿Aló? Muy buenos días. Buenas, por favor. ¿Quién la llama? Estamos llamando por motivo de un proceso legal en curso. Por confidencialidad, necesito que por favor me valide si es su... La orden. Le llamo por motivo de su obligación. Lo llamo del área de embargos, judicializaciones y alivios financieros. ¿Cómo me le va a hacer? Muy bien, gracias a Dios. Aliviados. Excelente. Queremos ofrecerle un descuento del 33 % de toda la deuda. Así le condonaríamos un total de $2 .380 .000. Con el descuento, ya no debería $7 .200 .000, sino solo $4 .820 .000. Además, le puedo dejar que pague hasta en tres cuotas. Así, serían tres pagos mensuales, de $1 .610 .000 cada uno. Es una propuesta por tiempo limitado que vencería hoy mismo. Me puede indicar con un sí o un no, si le interesa este descuento, y hacemos este acuerdo de pago. No, no podría acceder ahora mismo. Entiendo, señoría. ¿Cuánto podría pagar mensualmente entonces? Recuerde que el mínimo del acuerdo es de $4 .800 .000.","¿Aló? ¿Aló? Muy buenos días. Buenas, por favor. ¿Quién la llama? Estamos llamando por motivo de un proceso legal en curso. Por confidencialidad, necesito que por favor me valide si es su... La orden. Le llamo por motivo de su obligación. Lo llamo del área de embargos, judicializaciones y alivios financieros. ¿Cómo me le va a hacer? Muy bien, gracias a Dios. Aliviados. Excelente. Queremos ofrecerle un descuento del 33 % de toda la deuda. Así le condonaríamos un total de $2 .380 .000. Con el descuento, ya no debería $7 .200 .000, sino solo $4 .820 .000. Además, le puedo dejar que pague hasta en tres cuotas. Así, serían tres pagos mensuales, de $1 .610 .000 cada uno. Es una propuesta por tiempo limitado que vencería hoy mismo. Me puede indicar con un sí o un no, si le interesa este descuento, y hacemos este acuerdo de pago. No, no podría acceder ahora mismo. Entiendo, señoría. ¿Cuánto podría pagar mensualmente entonces? Recuerde que el mínimo del acuerdo es de $4 .800 .000.",,,
C096,1,"es que es un complique porque me llama el uno, me llama el otro yo ya no sé ni a quién creerle la verdad, en la semana me llaman más de cinco personas diferentes","No, señora, de pronto, lamento, de pronto, los cinco ministros que se me han presentado en el proceso de aporte de pago, pero lo que pasa es que nuestra gente realizó el aporte de pago solo por una de las obligaciones, que actualmente está por un saldo total de 1 .148 .855. esta es la obligación de la tarjeta de crédito que se nos tenía pendiente con el banco y pues esta se está manejando una campaña de descuento donde el sector cancela el valor del millón de pesos y cubriría la totalidad de ese crédito pero nos hace falta o pues en este caso le hizo falta a la gente realizar el acuerdo sobre el crédito de libranza que se me se ha manejado este crédito es una totalidad a pagar de 45 .964 .571 pesos y sobre este crédito sobre el cual pues estamos paliando para poderle negociar el acuerdo de pago. Si usted gusta unificar ambos créditos para hacer el acuerdo de pago, yo le puedo hacer un acuerdo de pago por las dos obligaciones que le suman actualmente 47 .113 .426 pesos y estas obligaciones nosotros manejamos pues la política de descuento donde usted podría cancelar el valor de 24 millones de pesos cerrados con esos 24 millones de pesos que le generarían a usted los respectivos pasos salvos que no tendría más reporte negativo en centrales de riesgo y pues evitaría el tema de que lo estén llamando con tanto menos. No sé si usted merece el interés de acogerse por las dos obligaciones o si pues desee continuar con el acuerdo de pago que realizó con nuestro agente sobre una de las obligaciones.",-0.9505,-0.2747,
C096,2,"Mire su merced, yo, como le he dicho a todos los que me llaman, yo no tengo un empleo yo no me puedo comprometer en estos momentos como le dije al último que me llamó que él me dijo y que me llamaba a ver si yo porque yo le hablé a él de que está esperando un concurso que se den las cosas entonces yo le llamo el 31 de agosto para ver cómo cuadramos cómo arreglamos porque la verdad, como le dije, yo no me puedo comprometer porque yo no puedo quedar mal yo no puedo quedar mal porque es que yo no tengo el dinero debajo de la almohada yo no tengo plata, si yo tuviera plata si yo tuviera un empleo, claro, yo una vez decía, bueno, hagamos el acuerdo por tanto porque pues igual uno puede también proponer, ¿sí? De acuerdo a las entradas que uno tenga pero en estos momentos yo no puedo hacer una contrapropuesta porque es que no tengo el recurso ¿Me hago entender?","Yo entiendo digamos que la idea principal o pues el motivo principal de estas sumadas pues negociar. Usted me dice que de pronto no cuenta para hacer un pago pues la totalidad de la obligación yo la entiendo, uno a veces no tiene debajo del colchón guardados 20 millones de pesos, ¿sí? Exacto, sí señora. ¿Cuál podría pagar mensualmente que usted diga",-0.2747,-0.8305,0.59
C096,3,"Me parece, pero pues no sé qué tan legal sea que yo termine pagando los 600 y algo y me digan que no, que sigo con la misma deuda No,","yo a usted le envío un acuerdo de pago formal por una de las obligaciones que es la obligación de la tarjeta Yo le envío a usted el acuerdo de pago formal usted realiza los pagos dentro de las hechas establecidas y cuando finalice con esos dos pagos retomamos entonces, si no me vuelvo a comunicar miramos de pronto para decirme qué políticas de descuento manejamos sobre el crédito grande, o si miramos el tema de cuotas para el crédito grande Pues",-0.9226,0.0046,
C096,4,"Pues Sumerce, yo estoy esperando que me, pues no sé si alcance el 15, la verdad, porque no me lo pueda poner otro día más adelantico para no quedarle mal. ¿Para qué fecha? ¿Para el 20, 25? Sí, pues no, para el 20, yo para el 20 sí, para el 20 sí creo que puedo tener porque ya, si para esa fecha ya se cumplen varios refuerzos como sí, más o menos se cumplen los cinco que tengo, entonces sí alcanzaría","para el 20 Para el 20 de agosto, pero yo le hago la solicitud digamos que el motivo principal de la llamada también es de informarle pues que sería sobre sólo una de las obligaciones primer pago para el 20 de agosto y el segundo pago lo generaríamos para el siguiente mes el mismo día el 20",-0.0233,0.0367,0.998
C097,1,"¿Qué le parece la oferta? no, pues la le estoy pagando al abogado, no me convendría, pues ya tiene proceso, él ya haría el acuerdo allá con su maestra y me comentaría a mí, porque de nada sacaría yo pagarle a un abogado para que llegara al acuerdo y hiciera el acuerdo y yo venir a pagar otra vez por otro lado claro pues ahí lo que","tiene que hacer, pero el abogado ¿qué proceso? ¿está haciendo un proceso insolvencia o estado que lo que está haciendo el abogado porque pues si no",-0.3198,-0.2082,
C098,1,"Sí, un triunfo ocupado, señora, ¿me puede llamar por ahí a la una?","Comprendo, señora, no nos demoramos nada, solo llamo para verificar que usted realizó el pago según compromiso del pago el día 31 de julio por 88 mil pesos. ¿Realizó el pago?",-0.1565,-0.4421,0.81
C098,2,"Pues, pues la verdad, la verdad en este momento no tengo plata.","Comprendo señora, o sea que cancelamos el acuerdo de pago y va a perder los beneficios que adquirió.",-0.7954,-0.2001,1.417
C099,1,"Sí me interesa el descuento, pero estamos pasando por un sector muy crítico en el sector salud y no estamos asegurándonos los pagos hasta septiembre.","Entiendo perfectamente su situación, señora. Y lamento mucho los intereses. La primera cuota debe quedar para antes del 31 de julio de este mes. ¿Hay alguna posibilidad de hacer ese primer pago antes de que termine julio?",-0.8628,-0.2017,4.37
C100,1,"No, para mí el problema es que ahorita en este momento no tendría nada para pagar. O sea, para hacer un pago anticipado o algo así, la verdad, no tendría. Pues porque como yo vivo en este momento, por eso es que no he podido cumplir con su obligación, porque vivo como quien dice al día en este momento. Entonces ha sido muy complejo poder sostener una cuota fija de un pago. Y pues en estos últimos tiempos de fe y meses para acá, en mi familia, con mis hijos, hubo una calamidad médica de tratamientos largos y todo eso. Entonces, pues, mucho más difícil. Entonces, ese ha sido realmente la situación conmigo, que como en este momento yo no tengo algo fijo, entonces es bien, bien, bien complejo.","Le entiendo completamente y lamento mucho lo que ha vivido con su familia. Es una situación muy difícil. Cuénteme. En este momento, ¿tiene alguna posibilidad de hacer un pago antes de que termine este mes? Entiendo. Sin embargo, con este descuento del 7%, su deuda es sólo $11 .650 .000 y puede pagarla hasta en una cuota. Es el mejor descuento que creo podría conseguir sobre esta deuda. ¿Puedo considerarlo? Por favor, indíqueme con un sí o no. Señora Sánchez.",-0.9512,0.1965,3.73
C100,2,"No, la verdad en este momento Eso es lo que te doy Es con gran esfuerzo Lo haría en este momento Es que es por eso No, no, de verdad no he podido salir de esa deuda Pero es a raíz de lo que ya te cuento y que pues me queda muy complejo sostener una cuota de 100 .000, de 150, de más, de ahí, o sea, yo no podría, porque para qué, si yo ya en algún momento hice acuerdos con ustedes de esos valores y terminé incumpliéndolos porque de verdad no podía. Entonces, es complejo, pues decir, yo podría decir que sí, y ya, pero la verdad, la idea no es esa, la idea es salir de la deuda.","La valoro mucho por su honestidad, de verdad. Dado lo que me cuenta, veo que hoy no se puede comprometer a un acuerdo. Correcto. Señora Sánchez, veo que no hemos podido aún llegar a un acuerdo, Pero entiendo que de todos modos a usted le interesa que solucionemos esto, ¿correcto? Podemos sacarlo de centrales, darle un paz y salvo anticipado, entre otras cosas. Dígame algo, ¿qué lo motivaría a usted a llegar a un acuerdo de pago? ¿O qué podríamos hacer desde CREDIVALORES para solucionar esto juntos?",-0.7617,-0.2808,3.021
